"Date_Time","C0ppb","notes","missingmins"
2010-07-09 08:01:01,1019.7,1,0
2010-07-09 08:02:01,991.7,1,0
2010-07-09 08:03:01,1000.5,1,0
2010-07-09 08:04:01,1010.9,1,0
2010-07-09 08:05:01,1020.6,1,0
2010-07-09 08:06:01,1023.1,1,0
2010-07-09 08:07:01,1021,1,0
2010-07-09 08:08:01,1022.3,1,0
2010-07-09 08:09:01,1020.2,1,0
2010-07-09 08:10:01,1019.8,1,0
2010-07-09 08:11:01,1019.9,1,0
2010-07-09 08:12:01,1017,1,0
2010-07-09 08:13:01,1019.5,1,0
2010-07-09 08:14:01,1018.2,1,0
2010-07-09 08:15:01,1019,1,0
2010-07-09 19:01:01,1038.5,1,0
2010-07-09 19:02:01,1017.3,1,0
2010-07-09 19:03:01,1014.8,1,0
2010-07-09 19:04:01,1013.1,1,0
2010-07-09 19:05:01,1012.5,1,0
2010-07-09 19:06:01,1013.7,1,0
2010-07-09 19:07:01,1016.6,1,0
2010-07-09 19:08:01,1012.8,1,0
2010-07-09 19:09:01,1007.8,1,0
2010-07-09 19:10:01,1005.5,1,0
2010-07-09 19:11:01,1005.8,1,0
2010-07-09 19:12:01,1011.5,1,0
2010-07-09 19:13:01,1015.8,1,0
2010-07-09 19:14:01,1019.2,1,0
2010-07-09 19:15:01,1018.2,1,0
2010-07-10 06:01:01,980.1,1,0
2010-07-10 06:02:01,1005.3,1,0
2010-07-10 06:03:01,1000.4,1,0
2010-07-10 06:04:01,995.3,1,0
2010-07-10 06:05:01,993.7,1,0
2010-07-10 06:06:01,990.2,1,0
2010-07-10 06:07:01,994.2,1,0
2010-07-10 06:08:01,992.4,1,0
2010-07-10 06:09:01,991.3,1,0
2010-07-10 06:10:01,989.4,1,0
2010-07-10 06:11:01,988.5,1,0
2010-07-10 06:12:01,991.4,1,0
2010-07-10 06:13:01,992,1,0
2010-07-10 06:14:01,993.8,1,0
2010-07-10 06:15:01,992.7,1,0
2010-07-10 17:01:01,979.8,1,0
2010-07-10 17:02:01,967.5,1,0
2010-07-10 17:03:01,970.5,1,0
2010-07-10 17:04:01,974.1,1,0
2010-07-10 17:05:01,977.2,1,0
2010-07-10 17:06:01,978.5,1,0
2010-07-10 17:07:01,977,1,0
2010-07-10 17:08:01,974.6,1,0
2010-07-10 17:09:01,975.3,1,0
2010-07-10 17:10:01,974.2,1,0
2010-07-10 17:11:01,980.9,1,0
2010-07-10 17:12:01,982.3,1,0
2010-07-10 17:13:01,992.6,1,0
2010-07-10 17:14:01,996.6,1,0
2010-07-10 17:15:01,997.8,1,0
2010-07-11 04:01:01,1019.2,1,0
2010-07-11 04:02:01,1005.2,1,0
2010-07-11 04:03:01,1005.4,1,0
2010-07-11 04:04:01,1008.3,1,0
2010-07-11 04:05:01,1010.8,1,0
2010-07-11 04:06:01,1009.7,1,0
2010-07-11 04:07:01,1014.7,1,0
2010-07-11 04:08:01,1014,1,0
2010-07-11 04:09:01,1012.7,1,0
2010-07-11 04:10:01,1014.8,1,0
2010-07-11 04:11:01,1018.8,1,0
2010-07-11 04:12:01,1023.2,1,0
2010-07-11 04:13:01,1023,1,0
2010-07-11 04:14:01,1020.6,1,0
2010-07-11 04:15:01,1017.7,1,0
2010-07-11 15:01:01,971.4,1,0
2010-07-11 15:02:01,986.9,1,0
2010-07-11 15:03:01,986,1,0
2010-07-11 15:04:01,987.5,1,0
2010-07-11 15:05:01,987.2,1,0
2010-07-11 15:06:01,987.9,1,0
2010-07-11 15:07:01,986.4,1,0
2010-07-11 15:08:01,989.7,1,0
2010-07-11 15:09:01,991.7,1,0
2010-07-11 15:10:01,993.4,1,0
2010-07-11 15:11:01,989.3,1,0
2010-07-11 15:12:01,990.4,1,0
2010-07-11 15:13:01,991.5,1,0
2010-07-11 15:14:01,989.9,1,0
2010-07-11 15:15:01,997.4,1,0
2010-07-12 02:01:01,995.8,1,0
2010-07-12 02:02:01,972.5,1,0
2010-07-12 02:03:01,976.2,1,0
2010-07-12 02:04:01,975.9,1,0
2010-07-12 02:05:01,974.3,1,0
2010-07-12 02:06:01,974.2,1,0
2010-07-12 02:07:01,974.1,1,0
2010-07-12 02:08:01,973.8,1,0
2010-07-12 02:09:01,974.4,1,0
2010-07-12 02:10:01,976.5,1,0
2010-07-12 02:11:01,980.6,1,0
2010-07-12 02:12:01,979.5,1,0
2010-07-12 02:13:01,982.1,1,0
2010-07-12 02:14:01,987.2,1,0
2010-07-12 02:15:01,988.6,1,0
2010-07-12 13:01:01,937.3,1,0
2010-07-12 13:02:01,959.6,1,0
2010-07-12 13:03:01,960.3,1,0
2010-07-12 13:04:01,966.7,1,0
2010-07-12 13:05:01,968.7,1,0
2010-07-12 13:06:01,973.3,1,0
2010-07-12 13:07:01,966.3,1,0
2010-07-12 13:08:01,964,1,0
2010-07-12 13:09:01,963.4,1,0
2010-07-12 13:10:01,962.7,1,0
2010-07-12 13:11:01,962.8,1,0
2010-07-12 13:12:01,965.7,1,0
2010-07-12 13:13:01,968,1,0
2010-07-12 13:14:01,965.2,1,0
2010-07-12 13:15:01,960,1,0
2010-07-13 00:01:01,949.3,1,0
2010-07-13 00:02:01,957.6,1,0
2010-07-13 00:03:01,959.3,1,0
2010-07-13 00:04:01,960.8,1,0
2010-07-13 00:05:01,960.8,1,0
2010-07-13 00:06:01,958.1,1,0
2010-07-13 00:07:01,956.6,1,0
2010-07-13 00:08:01,953.7,1,0
2010-07-13 00:09:01,956.2,1,0
2010-07-13 00:10:01,953.8,1,0
2010-07-13 00:11:01,952.8,1,0
2010-07-13 00:12:01,949.5,1,0
2010-07-13 00:13:01,951,1,0
2010-07-13 00:14:01,950.3,1,0
2010-07-13 00:15:01,951.7,1,0
2010-07-13 11:01:01,963.3,1,0
2010-07-13 11:02:01,967.3,1,0
2010-07-13 11:03:01,968.1,1,0
2010-07-13 11:04:01,968.8,1,0
2010-07-13 11:05:01,966.7,1,0
2010-07-13 11:06:01,967.6,1,0
2010-07-13 11:07:01,963.9,1,0
2010-07-13 11:08:01,966.7,1,0
2010-07-13 11:09:01,970,1,0
2010-07-13 11:10:01,972,1,0
2010-07-13 11:11:01,975.9,1,0
2010-07-13 11:12:01,975.7,1,0
2010-07-13 11:13:01,979.1,1,0
2010-07-13 11:14:01,972.2,1,0
2010-07-13 11:15:01,969.7,1,0
2010-07-13 22:01:01,944.9,1,0
2010-07-13 22:02:01,962.2,1,0
2010-07-13 22:03:01,955.9,1,0
2010-07-13 22:04:01,953.9,1,0
2010-07-13 22:05:01,947.8,1,0
2010-07-13 22:06:01,950.7,1,0
2010-07-13 22:07:01,953.4,1,0
2010-07-13 22:08:01,960.3,1,0
2010-07-13 22:09:01,967.1,1,0
2010-07-13 22:10:01,967.7,1,0
2010-07-13 22:11:01,967.3,1,0
2010-07-13 22:12:01,968,1,0
2010-07-13 22:13:01,968.1,1,0
2010-07-13 22:14:01,963.3,1,0
2010-07-13 22:15:01,962.9,1,0
2010-07-14 09:01:01,906.8,1,0
2010-07-14 09:02:01,919.6,1,0
2010-07-14 09:03:01,925.6,1,0
2010-07-14 09:04:01,930.7,1,0
2010-07-14 09:05:01,937.9,1,0
2010-07-14 09:06:01,945.1,1,0
2010-07-14 09:07:01,948.5,1,0
2010-07-14 09:08:01,951.8,1,0
2010-07-14 09:09:01,950.7,1,0
2010-07-14 09:10:01,951.3,1,0
2010-07-14 09:11:01,953.3,1,0
2010-07-14 09:12:01,956.4,1,0
2010-07-14 09:13:01,954.7,1,0
2010-07-14 09:14:01,952.2,1,0
2010-07-14 09:15:01,953,1,0
2010-07-14 20:01:01,932.4,1,0
2010-07-14 20:02:01,911.5,1,0
2010-07-14 20:03:01,917,1,0
2010-07-14 20:04:01,922.8,1,0
2010-07-14 20:05:01,931.2,1,0
2010-07-14 20:06:01,937.2,1,0
2010-07-14 20:07:01,944.5,1,0
2010-07-14 20:08:01,948.9,1,0
2010-07-14 20:09:01,953,1,0
2010-07-14 20:10:01,948.7,1,0
2010-07-14 20:11:01,943.7,1,0
2010-07-14 20:12:01,936.2,1,0
2010-07-14 20:13:01,933.3,1,0
2010-07-14 20:14:01,932.7,1,0
2010-07-14 20:15:01,937.3,1,0
2010-07-15 07:01:01,908.4,1,0
2010-07-15 07:02:01,908.8,1,0
2010-07-15 07:03:01,917.9,1,0
2010-07-15 07:04:01,929.2,1,0
2010-07-15 07:05:01,943.6,1,0
2010-07-15 07:06:01,947.4,1,0
2010-07-15 07:07:01,950.3,1,0
2010-07-15 07:08:01,946.5,1,0
2010-07-15 07:09:01,942.3,1,0
2010-07-15 07:10:01,940.3,1,0
2010-07-15 07:11:01,937.8,1,0
2010-07-15 07:12:01,934.2,1,0
2010-07-15 07:13:01,935.5,1,0
2010-07-15 07:14:01,933.8,1,0
2010-07-15 07:15:01,937.3,1,0
2010-07-15 18:01:01,944.2,1,0
2010-07-15 18:02:01,924.1,1,0
2010-07-15 18:03:01,928.4,1,0
2010-07-15 18:04:01,931.6,1,0
2010-07-15 18:05:01,934.2,1,0
2010-07-15 18:06:01,936.7,1,0
2010-07-15 18:07:01,932.8,1,0
2010-07-15 18:08:01,934.8,1,0
2010-07-15 18:09:01,935.3,1,0
2010-07-15 18:10:01,934.8,1,0
2010-07-15 18:11:01,937.8,1,0
2010-07-15 18:12:01,934.9,1,0
2010-07-15 18:13:01,930.8,1,0
2010-07-15 18:14:01,935.9,1,0
2010-07-15 18:15:01,936.9,1,0
2010-07-16 05:01:01,980,1,0
2010-07-16 05:02:01,972.9,1,0
2010-07-16 05:03:01,971.8,1,0
2010-07-16 05:04:01,972.1,1,0
2010-07-16 05:05:01,974.7,1,0
2010-07-16 05:06:01,970.2,1,0
2010-07-16 05:07:01,967.9,1,0
2010-07-16 05:08:01,964.4,1,0
2010-07-16 05:09:01,961.1,1,0
2010-07-16 05:10:01,959.1,1,0
2010-07-16 05:11:01,962,1,0
2010-07-16 05:12:01,963,1,0
2010-07-16 05:13:01,966.6,1,0
2010-07-16 05:14:01,972,1,0
2010-07-16 05:15:01,974.1,1,0
2010-07-16 16:01:01,913.9,1,0
2010-07-16 16:02:01,925.5,1,0
2010-07-16 16:03:01,925,1,0
2010-07-16 16:04:01,924.4,1,0
2010-07-16 16:05:01,924.3,1,0
2010-07-16 16:06:01,920.8,1,0
2010-07-16 16:07:01,921.2,1,0
2010-07-16 16:08:01,916.4,1,0
2010-07-16 16:09:01,919.5,1,0
2010-07-16 16:10:01,921.2,1,0
2010-07-16 16:11:01,925.6,1,0
2010-07-16 16:12:01,929.2,1,0
2010-07-16 16:13:01,933.1,1,0
2010-07-16 16:14:01,929.8,1,0
2010-07-16 16:15:01,928.1,1,0
2010-07-17 03:01:01,918,1,0
2010-07-17 03:02:01,930,1,0
2010-07-17 03:03:01,929.2,1,0
2010-07-17 03:04:01,926.9,1,0
2010-07-17 03:05:01,924,1,0
2010-07-17 03:06:01,927.4,1,0
2010-07-17 03:07:01,926.7,1,0
2010-07-17 03:08:01,928.3,1,0
2010-07-17 03:09:01,928.4,1,0
2010-07-17 03:10:01,930.4,1,0
2010-07-17 03:11:01,932.4,1,0
2010-07-17 03:12:01,935.4,1,0
2010-07-17 03:13:01,934.2,1,0
2010-07-17 03:14:01,939.1,1,0
2010-07-17 03:15:01,940.7,1,0
2010-07-17 14:01:01,939.7,1,0
2010-07-17 14:02:01,936.8,1,0
2010-07-17 14:03:01,931.1,1,0
2010-07-17 14:04:01,925.1,1,0
2010-07-17 14:05:01,921.8,1,0
2010-07-17 14:06:01,919.5,1,0
2010-07-17 14:07:01,921.3,1,0
2010-07-17 14:08:01,925.4,1,0
2010-07-17 14:09:01,927,1,0
2010-07-17 14:10:01,922.8,1,0
2010-07-17 14:11:01,923.6,1,0
2010-07-17 14:12:01,925.6,1,0
2010-07-17 14:13:01,931.4,1,0
2010-07-17 14:14:01,936.1,1,0
2010-07-17 14:15:01,942.3,1,0
2010-07-18 01:01:01,941.9,1,0
2010-07-18 01:02:01,937.6,1,0
2010-07-18 01:03:01,941.4,1,0
2010-07-18 01:04:01,938.9,1,0
2010-07-18 01:05:01,940.3,1,0
2010-07-18 01:06:01,939.1,1,0
2010-07-18 01:07:01,940,1,0
2010-07-18 01:08:01,940.4,1,0
2010-07-18 01:09:01,942.5,1,0
2010-07-18 01:10:01,945.8,1,0
2010-07-18 01:11:01,951,1,0
2010-07-18 01:12:01,954.9,1,0
2010-07-18 01:13:01,960.2,1,0
2010-07-18 01:14:01,960.8,1,0
2010-07-18 01:15:01,958.8,1,0
2010-07-18 12:01:01,924.5,1,0
2010-07-18 12:02:01,948.8,1,0
2010-07-18 12:03:01,939.9,1,0
2010-07-18 12:04:01,935,1,0
2010-07-18 12:05:01,931.9,1,0
2010-07-18 12:06:01,940.1,1,0
2010-07-18 12:07:01,945.2,1,0
2010-07-18 12:08:01,949.8,1,0
2010-07-18 12:09:01,946.4,1,0
2010-07-18 12:10:01,942.7,1,0
2010-07-18 12:11:01,939.3,1,0
2010-07-18 12:12:01,940.8,1,0
2010-07-18 12:13:01,939.3,1,0
2010-07-18 12:14:01,936.6,1,0
2010-07-18 12:15:01,929,1,0
2010-07-18 23:01:01,917.8,1,0
2010-07-18 23:02:01,921.2,1,0
2010-07-18 23:03:01,923.4,1,0
2010-07-18 23:04:01,925.6,1,0
2010-07-18 23:05:01,925.6,1,0
2010-07-18 23:06:01,923.2,1,0
2010-07-18 23:07:01,922.8,1,0
2010-07-18 23:08:01,927.9,1,0
2010-07-18 23:09:01,930.8,1,0
2010-07-18 23:10:01,930.7,1,0
2010-07-18 23:11:01,928.4,1,0
2010-07-18 23:12:01,924,1,0
2010-07-18 23:13:01,925.4,1,0
2010-07-18 23:14:01,926,1,0
2010-07-18 23:15:01,925.5,1,0
2010-07-19 10:01:01,954.8,1,0
2010-07-19 10:02:01,922,1,0
2010-07-19 10:03:01,922.5,1,0
2010-07-19 10:04:01,923.3,1,0
2010-07-19 10:05:01,925.6,1,0
2010-07-19 10:06:01,930.3,1,0
2010-07-19 10:07:01,936.8,1,0
2010-07-19 10:08:01,939.8,1,0
2010-07-19 10:09:01,940.8,1,0
2010-07-19 10:10:01,941.7,1,0
2010-07-19 10:11:01,940.5,1,0
2010-07-19 10:12:01,943.2,1,0
2010-07-19 10:13:01,937.4,1,0
2010-07-19 10:14:01,935.4,1,0
2010-07-19 10:15:01,936.4,1,0
2010-07-19 21:01:01,933.1,1,0
2010-07-19 21:02:01,935.4,1,0
2010-07-19 21:03:01,937.8,1,0
2010-07-19 21:04:01,941.2,1,0
2010-07-19 21:05:01,940.2,1,0
2010-07-19 21:06:01,938.7,1,0
2010-07-19 21:07:01,936.3,1,0
2010-07-19 21:08:01,932.8,1,0
2010-07-19 21:09:01,936,1,0
2010-07-19 21:10:01,939.2,1,0
2010-07-19 21:11:01,941.2,1,0
2010-07-19 21:12:01,937.3,1,0
2010-07-19 21:13:01,931.9,1,0
2010-07-19 21:14:01,929.1,1,0
2010-07-19 21:15:01,932.6,1,0
2010-07-20 08:01:01,942.4,1,0
2010-07-20 08:02:01,933.7,1,0
2010-07-20 08:03:01,930.1,1,0
2010-07-20 08:04:01,931.9,1,0
2010-07-20 08:05:01,928.1,1,0
2010-07-20 08:06:01,928.3,1,0
2010-07-20 08:07:01,920.7,1,0
2010-07-20 08:08:01,919,1,0
2010-07-20 08:09:01,916.2,1,0
2010-07-20 08:10:01,917.5,1,0
2010-07-20 08:11:01,924.1,1,0
2010-07-20 08:12:01,926,1,0
2010-07-20 08:13:01,926.4,1,0
2010-07-20 08:14:01,923.8,1,0
2010-07-20 08:15:01,922.1,1,0
2010-07-21 06:01:01,960.1,1,0
2010-07-21 06:02:01,972.2,1,0
2010-07-21 06:03:01,963.9,1,0
2010-07-21 06:04:01,954.7,1,0
2010-07-21 06:05:01,944.8,1,0
2010-07-21 06:06:01,939.6,1,0
2010-07-21 06:07:01,939.2,1,0
2010-07-21 06:08:01,940.9,1,0
2010-07-21 06:09:01,942.2,1,0
2010-07-21 06:10:01,941.3,1,0
2010-07-21 06:11:01,939.6,1,0
2010-07-21 06:12:01,936.5,1,0
2010-07-21 06:13:01,936.9,1,0
2010-07-21 06:14:01,939.2,1,0
2010-07-21 06:15:01,942.2,1,0
2010-07-21 17:01:01,923.4,1,0
2010-07-21 17:02:01,905.3,1,0
2010-07-21 17:03:01,907.9,1,0
2010-07-21 17:04:01,910.5,1,0
2010-07-21 17:05:01,911.6,1,0
2010-07-21 17:06:01,910.3,1,0
2010-07-21 17:07:01,910.9,1,0
2010-07-21 17:08:01,914.2,1,0
2010-07-21 17:09:01,912.6,1,0
2010-07-21 17:10:01,915.1,1,0
2010-07-21 17:11:01,915.6,1,0
2010-07-21 17:12:01,922.2,1,0
2010-07-21 17:13:01,925.7,1,0
2010-07-21 17:14:01,932.6,1,0
2010-07-21 17:15:01,932.7,1,0
2010-07-22 04:01:01,961.2,1,0
2010-07-22 04:02:01,957.5,1,0
2010-07-22 04:03:01,957.8,1,0
2010-07-22 04:04:01,959.4,1,0
2010-07-22 04:05:01,964.4,1,0
2010-07-22 04:06:01,964.2,1,0
2010-07-22 04:07:01,967.4,1,0
2010-07-22 04:08:01,964.5,1,0
2010-07-22 04:09:01,965.6,1,0
2010-07-22 04:10:01,963.9,1,0
2010-07-22 04:11:01,965.9,1,0
2010-07-22 04:12:01,968.4,1,0
2010-07-22 04:13:01,974.5,1,0
2010-07-22 04:14:01,973.1,1,0
2010-07-22 04:15:01,971.7,1,0
2010-07-22 15:01:01,924.9,1,0
2010-07-22 15:02:01,936.4,1,0
2010-07-22 15:03:01,940,1,0
2010-07-22 15:04:01,939.7,1,0
2010-07-22 15:05:01,937,1,0
2010-07-22 15:06:01,934.4,1,0
2010-07-22 15:07:01,935.5,1,0
2010-07-22 15:08:01,936.3,1,0
2010-07-22 15:09:01,942.9,1,0
2010-07-22 15:10:01,944.1,1,0
2010-07-22 15:11:01,946.2,1,0
2010-07-22 15:12:01,942.4,1,0
2010-07-22 15:13:01,940.8,1,0
2010-07-22 15:14:01,942.8,1,0
2010-07-22 15:15:01,944.3,1,0
2010-07-23 02:01:01,925.1,1,0
2010-07-23 02:02:01,932.9,1,0
2010-07-23 02:03:01,937.8,1,0
2010-07-23 02:04:01,942.5,1,0
2010-07-23 02:05:01,944.2,1,0
2010-07-23 02:06:01,939.8,1,0
2010-07-23 02:07:01,937.7,1,0
2010-07-23 02:08:01,941.1,1,0
2010-07-23 02:09:01,940.9,1,0
2010-07-23 02:10:01,945.6,1,0
2010-07-23 02:11:01,947.3,1,0
2010-07-23 02:12:01,954,1,0
2010-07-23 02:13:01,957.8,1,0
2010-07-23 02:14:01,957.6,1,0
2010-07-23 02:15:01,961.2,1,0
2010-07-23 13:01:01,929.7,1,0
2010-07-23 13:02:01,914.5,1,0
2010-07-23 13:03:01,911.2,1,0
2010-07-23 13:04:01,908.7,1,0
2010-07-23 13:05:01,907.8,1,0
2010-07-23 13:06:01,910.2,1,0
2010-07-23 13:07:01,917.4,1,0
2010-07-23 13:08:01,921.7,1,0
2010-07-23 13:09:01,925.5,1,0
2010-07-23 13:10:01,927.6,1,0
2010-07-23 13:11:01,928.7,1,0
2010-07-23 13:12:01,926.1,1,0
2010-07-23 13:13:01,927.2,1,0
2010-07-23 13:14:01,925.1,1,0
2010-07-23 13:15:01,919.9,1,0
2010-07-24 00:01:01,927.9,1,0
2010-07-24 00:02:01,928.5,1,0
2010-07-24 00:03:01,920.9,1,0
2010-07-24 00:04:01,916.1,1,0
2010-07-24 00:05:01,911.1,1,0
2010-07-24 00:06:01,912.8,1,0
2010-07-24 00:07:01,917.7,1,0
2010-07-24 00:08:01,917.2,1,0
2010-07-24 00:09:01,914.4,1,0
2010-07-24 00:10:01,915.3,1,0
2010-07-24 00:11:01,911.5,1,0
2010-07-24 00:12:01,911.2,1,0
2010-07-24 00:13:01,917.4,1,0
2010-07-24 00:14:01,919.6,1,0
2010-07-24 00:15:01,925.1,1,0
2010-07-24 11:01:01,898.1,1,0
2010-07-24 11:02:01,917.9,1,0
2010-07-24 11:03:01,915,1,0
2010-07-24 11:04:01,913.5,1,0
2010-07-24 11:05:01,913.4,1,0
2010-07-24 11:06:01,921,1,0
2010-07-24 11:07:01,924.6,1,0
2010-07-24 11:08:01,932.8,1,0
2010-07-24 11:09:01,938.6,1,0
2010-07-24 11:10:01,938.3,1,0
2010-07-24 11:11:01,937.8,1,0
2010-07-24 11:12:01,934.6,1,0
2010-07-24 11:13:01,934,1,0
2010-07-24 11:14:01,932.1,1,0
2010-07-24 11:15:01,929,1,0
2010-07-24 22:01:01,923.9,1,0
2010-07-24 22:02:01,925.4,1,0
2010-07-24 22:03:01,925,1,0
2010-07-24 22:04:01,929,1,0
2010-07-24 22:05:01,929.3,1,0
2010-07-24 22:06:01,931.9,1,0
2010-07-24 22:07:01,931.5,1,0
2010-07-24 22:08:01,932.1,1,0
2010-07-24 22:09:01,932.3,1,0
2010-07-24 22:10:01,933.4,1,0
2010-07-24 22:11:01,933.4,1,0
2010-07-24 22:12:01,932.3,1,0
2010-07-24 22:13:01,930.8,1,0
2010-07-24 22:14:01,927.1,1,0
2010-07-24 22:15:01,924.2,1,0
2010-07-25 09:01:01,934,1,0
2010-07-25 09:02:01,919.6,1,0
2010-07-25 09:03:01,923.7,1,0
2010-07-25 09:04:01,924.6,1,0
2010-07-25 09:05:01,929.1,1,0
2010-07-25 09:06:01,929.2,1,0
2010-07-25 09:07:01,934.9,1,0
2010-07-25 09:08:01,935.7,1,0
2010-07-25 09:09:01,942,1,0
2010-07-25 09:10:01,940.8,1,0
2010-07-25 09:11:01,938,1,0
2010-07-25 09:12:01,933.2,1,0
2010-07-25 09:13:01,936.7,1,0
2010-07-25 09:14:01,936.1,1,0
2010-07-25 09:15:01,933.8,1,0
2010-07-25 20:01:01,931.6,1,0
2010-07-25 20:02:01,922.8,1,0
2010-07-25 20:03:01,918.2,1,0
2010-07-25 20:04:01,917.9,1,0
2010-07-25 20:05:01,916.1,1,0
2010-07-25 20:06:01,920.1,1,0
2010-07-25 20:07:01,923.2,1,0
2010-07-25 20:08:01,928.1,1,0
2010-07-25 20:09:01,932.7,1,0
2010-07-25 20:10:01,933,1,0
2010-07-25 20:11:01,926.8,1,0
2010-07-25 20:12:01,922.5,1,0
2010-07-25 20:13:01,920.3,1,0
2010-07-25 20:14:01,922.4,1,0
2010-07-25 20:15:01,924.6,1,0
2010-07-26 07:01:01,942,1,0
2010-07-26 07:02:01,925.4,1,0
2010-07-26 07:03:01,924.3,1,0
2010-07-26 07:04:01,927,1,0
2010-07-26 07:05:01,927.4,1,0
2010-07-26 07:06:01,924,1,0
2010-07-26 07:07:01,923.8,1,0
2010-07-26 07:08:01,925.7,1,0
2010-07-26 07:09:01,929.1,1,0
2010-07-26 07:10:01,934.6,1,0
2010-07-26 07:11:01,939.1,1,0
2010-07-26 07:12:01,944.6,1,0
2010-07-26 07:13:01,940.9,1,0
2010-07-26 07:14:01,940.2,1,0
2010-07-26 07:15:01,938.8,1,0
2010-07-26 18:01:01,910.3,1,0
2010-07-26 18:02:01,899.1,1,0
2010-07-26 18:03:01,901.8,1,0
2010-07-26 18:04:01,902.7,1,0
2010-07-26 18:05:01,901.6,1,0
2010-07-26 18:06:01,898.5,1,0
2010-07-26 18:07:01,903.7,1,0
2010-07-26 18:08:01,909.7,1,0
2010-07-26 18:09:01,912.2,1,0
2010-07-26 18:10:01,912.9,1,0
2010-07-26 18:11:01,910.1,1,0
2010-07-26 18:12:01,908.5,1,0
2010-07-26 18:13:01,903.7,1,0
2010-07-26 18:14:01,901.9,1,0
2010-07-26 18:15:01,899.6,1,0
2010-07-27 05:01:01,956.9,1,0
2010-07-27 05:02:01,975.5,1,0
2010-07-27 05:03:01,971.5,1,0
2010-07-27 05:04:01,966.8,1,0
2010-07-27 05:05:01,964.8,1,0
2010-07-27 05:06:01,961.4,1,0
2010-07-27 05:07:01,964.9,1,0
2010-07-27 05:08:01,958.3,1,0
2010-07-27 05:09:01,954.5,1,0
2010-07-27 05:10:01,953.9,1,0
2010-07-27 05:11:01,952.4,1,0
2010-07-27 05:12:01,953.3,1,0
2010-07-27 05:13:01,952,1,0
2010-07-27 05:14:01,950.9,1,0
2010-07-27 05:15:01,949.3,1,0
2010-07-27 16:01:01,903,1,0
2010-07-27 16:02:01,898.7,1,0
2010-07-27 16:03:01,902.1,1,0
2010-07-27 16:04:01,908.6,1,0
2010-07-27 16:05:01,916.1,1,0
2010-07-27 16:06:01,926.4,1,0
2010-07-27 16:07:01,926.8,1,0
2010-07-27 16:08:01,927.5,1,0
2010-07-27 16:09:01,927.8,1,0
2010-07-27 16:10:01,922.5,1,0
2010-07-27 16:11:01,922.6,1,0
2010-07-27 16:12:01,922.5,1,0
2010-07-27 16:13:01,924.8,1,0
2010-07-27 16:14:01,924.4,1,0
2010-07-27 16:15:01,928.2,1,0
2010-07-28 03:01:01,920.6,1,0
2010-07-28 03:02:01,910.7,1,0
2010-07-28 03:03:01,913.5,1,0
2010-07-28 03:04:01,914.6,1,0
2010-07-28 03:05:01,917.3,1,0
2010-07-28 03:06:01,919.3,1,0
2010-07-28 03:07:01,919.5,1,0
2010-07-28 03:08:01,915.7,1,0
2010-07-28 03:09:01,913,1,0
2010-07-28 03:10:01,918,1,0
2010-07-28 03:11:01,923.4,1,0
2010-07-28 03:12:01,930.2,1,0
2010-07-28 03:13:01,932.3,1,0
2010-07-28 03:14:01,931.1,1,0
2010-07-28 03:15:01,933.6,1,0
2010-07-28 14:01:01,883.4,1,0
2010-07-28 14:02:01,886.1,1,0
2010-07-28 14:03:01,887.9,1,0
2010-07-28 14:04:01,895.1,1,0
2010-07-28 14:05:01,899,1,0
2010-07-28 14:06:01,902.3,1,0
2010-07-28 14:07:01,905.7,1,0
2010-07-28 14:08:01,905.4,1,0
2010-07-28 14:09:01,907.5,1,0
2010-07-28 14:10:01,910.1,1,0
2010-07-28 14:11:01,908.2,1,0
2010-07-28 14:12:01,902.3,1,0
2010-07-28 14:13:01,896.9,1,0
2010-07-28 14:14:01,900.8,1,0
2010-07-28 14:15:01,900.7,1,0
2010-07-29 01:01:01,876.6,1,0
2010-07-29 01:02:01,907.2,1,0
2010-07-29 01:03:01,910.2,1,0
2010-07-29 01:04:01,912.7,1,0
2010-07-29 01:05:01,918.8,1,0
2010-07-29 01:06:01,924.2,1,0
2010-07-29 01:07:01,929.9,1,0
2010-07-29 01:08:01,928.7,1,0
2010-07-29 01:09:01,926.9,1,0
2010-07-29 01:10:01,930.4,1,0
2010-07-29 01:11:01,928.7,1,0
2010-07-29 01:12:01,924.5,1,0
2010-07-29 01:13:01,923.5,1,0
2010-07-29 01:14:01,927.7,1,0
2010-07-29 01:15:01,931,1,0
2010-07-29 12:01:01,888.8,1,0
2010-07-29 12:02:01,892.2,1,0
2010-07-29 12:03:01,896.6,1,0
2010-07-29 12:04:01,899.3,1,0
2010-07-29 12:05:01,900.6,1,0
2010-07-29 12:06:01,895.3,1,0
2010-07-29 12:07:01,892,1,0
2010-07-29 12:08:01,893.2,1,0
2010-07-29 12:09:01,899.3,1,0
2010-07-29 12:10:01,903.4,1,0
2010-07-29 12:11:01,907,1,0
2010-07-29 12:12:01,912.7,1,0
2010-07-29 12:13:01,917,1,0
2010-07-29 12:14:01,922,1,0
2010-07-29 12:15:01,921.7,1,0
2010-07-29 23:01:01,896.9,1,0
2010-07-29 23:02:01,899.1,1,0
2010-07-29 23:03:01,903.7,1,0
2010-07-29 23:04:01,908.4,1,0
2010-07-29 23:05:01,914.1,1,0
2010-07-29 23:06:01,912,1,0
2010-07-29 23:07:01,909.8,1,0
2010-07-29 23:08:01,907.8,1,0
2010-07-29 23:09:01,901,1,0
2010-07-29 23:10:01,902.6,1,0
2010-07-29 23:11:01,901.3,1,0
2010-07-29 23:12:01,905.5,1,0
2010-07-29 23:13:01,905.7,1,0
2010-07-29 23:14:01,900.6,1,0
2010-07-29 23:15:01,902.2,1,0
2010-07-30 10:01:01,911,1,0
2010-07-30 10:02:01,901.3,1,0
2010-07-30 10:03:01,903.3,1,0
2010-07-30 10:04:01,908.2,1,0
2010-07-30 10:05:01,912.4,1,0
2010-07-30 10:06:01,909.7,1,0
2010-07-30 10:07:01,902.6,1,0
2010-07-30 10:08:01,897.4,1,0
2010-07-30 10:09:01,898.4,1,0
2010-07-30 10:10:01,899.4,1,0
2010-07-30 10:11:01,902.4,1,0
2010-07-30 10:12:01,901.6,1,0
2010-07-30 10:13:01,899.4,1,0
2010-07-30 10:14:01,900.4,1,0
2010-07-30 10:15:01,899.8,1,0
2010-07-30 21:01:01,912.7,1,0
2010-07-30 21:02:01,915.3,1,0
2010-07-30 21:03:01,913.3,1,0
2010-07-30 21:04:01,915.3,1,0
2010-07-30 21:05:01,908.8,1,0
2010-07-30 21:06:01,909.3,1,0
2010-07-30 21:07:01,903.1,1,0
2010-07-30 21:08:01,902.9,1,0
2010-07-30 21:09:01,906.4,1,0
2010-07-30 21:10:01,905.3,1,0
2010-07-30 21:11:01,904.6,1,0
2010-07-30 21:12:01,905.8,1,0
2010-07-30 21:13:01,903.5,1,0
2010-07-30 21:14:01,905.1,1,0
2010-07-30 21:15:01,904.8,1,0
2010-07-31 08:01:01,925.1,1,0
2010-07-31 08:02:01,915,1,0
2010-07-31 08:03:01,915,1,0
2010-07-31 08:04:01,911,1,0
2010-07-31 08:05:01,908.1,1,0
2010-07-31 08:06:01,906.4,1,0
2010-07-31 08:07:01,905.6,1,0
2010-07-31 08:08:01,902.2,1,0
2010-07-31 08:09:01,901.2,1,0
2010-07-31 08:10:01,901.1,1,0
2010-07-31 08:11:01,901.3,1,0
2010-07-31 08:12:01,906.9,1,0
2010-07-31 08:13:01,908.5,1,0
2010-07-31 08:14:01,917,1,0
2010-07-31 08:15:01,920.3,1,0
2010-07-31 19:01:01,879.6,1,0
2010-07-31 19:02:01,895.3,1,0
2010-07-31 19:03:01,897.9,1,0
2010-07-31 19:04:01,896.2,1,0
2010-07-31 19:05:01,897.3,1,0
2010-07-31 19:06:01,898.3,1,0
2010-07-31 19:07:01,900,1,0
2010-07-31 19:08:01,898.5,1,0
2010-07-31 19:09:01,899.1,1,0
2010-07-31 19:10:01,899.1,1,0
2010-07-31 19:11:01,900.8,1,0
2010-07-31 19:12:01,902.2,1,0
2010-07-31 19:13:01,905.8,1,0
2010-07-31 19:14:01,914.4,1,0
2010-07-31 19:15:01,917.6,1,0
2010-08-01 06:01:01,902.5,1,0
2010-08-01 06:02:01,905.7,1,0
2010-08-01 06:03:01,907.6,1,0
2010-08-01 06:04:01,907.8,1,0
2010-08-01 06:05:01,910.8,1,0
2010-08-01 06:06:01,910.4,1,0
2010-08-01 06:07:01,911.2,1,0
2010-08-01 06:08:01,906.3,1,0
2010-08-01 06:09:01,907.1,1,0
2010-08-01 06:10:01,903.9,1,0
2010-08-01 06:11:01,908.4,1,0
2010-08-01 06:12:01,911.5,1,0
2010-08-01 06:13:01,912.7,1,0
2010-08-01 06:14:01,914.9,1,0
2010-08-01 06:15:01,914.3,1,0
2010-08-01 17:01:01,880.2,1,0
2010-08-01 17:02:01,895.8,1,0
2010-08-01 17:03:01,897.6,1,0
2010-08-01 17:04:01,901.2,1,0
2010-08-01 17:05:01,902.6,1,0
2010-08-01 17:06:01,900.8,1,0
2010-08-01 17:07:01,899.3,1,0
2010-08-01 17:08:01,902.1,1,0
2010-08-01 17:09:01,902.7,1,0
2010-08-01 17:10:01,908.4,1,0
2010-08-01 17:11:01,910.5,1,0
2010-08-01 17:12:01,910,1,0
2010-08-01 17:13:01,913.9,1,0
2010-08-01 17:14:01,913.7,1,0
2010-08-01 17:15:01,913.6,1,0
2010-08-02 04:01:01,940,1,0
2010-08-02 04:02:01,948.1,1,0
2010-08-02 04:03:01,949.5,1,0
2010-08-02 04:04:01,951,1,0
2010-08-02 04:05:01,950,1,0
2010-08-02 04:06:01,949.4,1,0
2010-08-02 04:07:01,945,1,0
2010-08-02 04:08:01,948.1,1,0
2010-08-02 04:09:01,954.4,1,0
2010-08-02 04:10:01,954.1,1,0
2010-08-02 04:11:01,960,1,0
2010-08-02 04:12:01,962.9,1,0
2010-08-02 04:13:01,968.2,1,0
2010-08-02 04:14:01,971,1,0
2010-08-02 04:15:01,973.1,1,0
2010-08-02 15:01:01,917.3,1,0
2010-08-02 15:02:01,905.4,1,0
2010-08-02 15:03:01,901.5,1,0
2010-08-02 15:04:01,898.6,1,0
2010-08-02 15:05:01,893.7,1,0
2010-08-02 15:06:01,896.9,1,0
2010-08-02 15:07:01,894.9,1,0
2010-08-02 15:08:01,895.6,1,0
2010-08-02 15:09:01,899.4,1,0
2010-08-02 15:10:01,900,1,0
2010-08-02 15:11:01,905.7,1,0
2010-08-02 15:12:01,911.6,1,0
2010-08-02 15:13:01,915.5,1,0
2010-08-02 15:14:01,917.1,1,0
2010-08-02 15:15:01,913.6,1,0
2010-08-03 02:01:01,937.5,1,0
2010-08-03 02:02:01,901.9,1,0
2010-08-03 02:03:01,907,1,0
2010-08-03 02:04:01,910.9,1,0
2010-08-03 02:05:01,915.9,1,0
2010-08-03 02:06:01,913.1,1,0
2010-08-03 02:07:01,909,1,0
2010-08-03 02:08:01,911.1,1,0
2010-08-03 02:09:01,912.5,1,0
2010-08-03 02:10:01,913.8,1,0
2010-08-03 02:11:01,909.6,1,0
2010-08-03 02:12:01,907.8,1,0
2010-08-03 02:13:01,907.3,1,0
2010-08-03 02:14:01,911.1,1,0
2010-08-03 02:15:01,910.5,1,0
2010-08-03 13:01:01,909,1,0
2010-08-03 13:02:01,866.3,1,0
2010-08-03 13:03:01,873.3,1,0
2010-08-03 13:04:01,884.4,1,0
2010-08-03 13:05:01,894.8,1,0
2010-08-03 13:06:01,896.3,1,0
2010-08-03 13:07:01,899.2,1,0
2010-08-03 13:08:01,903.3,1,0
2010-08-03 13:09:01,906.6,1,0
2010-08-03 13:10:01,908.2,1,0
2010-08-03 13:11:01,906.7,1,0
2010-08-03 13:12:01,905.1,1,0
2010-08-03 13:13:01,903.3,1,0
2010-08-03 13:14:01,898.4,1,0
2010-08-03 13:15:01,900,1,0
2010-08-04 00:01:01,918.2,1,0
2010-08-04 00:02:01,940.1,1,0
2010-08-04 00:03:01,929.3,1,0
2010-08-04 00:04:01,913.9,1,0
2010-08-04 00:05:01,903.4,1,0
2010-08-04 00:06:01,902.5,1,0
2010-08-04 00:07:01,903,1,0
2010-08-04 00:08:01,901.7,1,0
2010-08-04 00:09:01,903.3,1,0
2010-08-04 00:10:01,908.3,1,0
2010-08-04 00:11:01,909.2,1,0
2010-08-04 00:12:01,910.7,1,0
2010-08-04 00:13:01,909,1,0
2010-08-04 00:14:01,909.6,1,0
2010-08-04 00:15:01,913,1,0
2010-08-04 11:01:01,885.6,1,0
2010-08-04 11:02:01,894.4,1,0
2010-08-04 11:03:01,901.7,1,0
2010-08-04 11:04:01,906.8,1,0
2010-08-04 11:05:01,909.9,1,0
2010-08-04 11:06:01,910.4,1,0
2010-08-04 11:07:01,910.6,1,0
2010-08-04 11:08:01,916.7,1,0
2010-08-04 11:09:01,915.2,1,0
2010-08-04 11:10:01,916.8,1,0
2010-08-04 11:11:01,919.1,1,0
2010-08-04 11:12:01,922,1,0
2010-08-04 11:13:01,921.9,1,0
2010-08-04 11:14:01,920.6,1,0
2010-08-04 11:15:01,910,1,0
2010-08-04 22:01:01,908.5,1,0
2010-08-04 22:02:01,919.6,1,0
2010-08-04 22:03:01,915.5,1,0
2010-08-04 22:04:01,914.6,1,0
2010-08-04 22:05:01,909.9,1,0
2010-08-04 22:06:01,909.5,1,0
2010-08-04 22:07:01,907.3,1,0
2010-08-04 22:08:01,906.7,1,0
2010-08-04 22:09:01,905.1,1,0
2010-08-04 22:10:01,908.8,1,0
2010-08-04 22:11:01,911.9,1,0
2010-08-04 22:12:01,908.3,1,0
2010-08-04 22:13:01,904,1,0
2010-08-04 22:14:01,901.5,1,0
2010-08-04 22:15:01,908.1,1,0
2010-08-05 09:01:01,901.7,1,0
2010-08-05 09:02:01,900,1,0
2010-08-05 09:03:01,905.3,1,0
2010-08-05 09:04:01,910.9,1,0
2010-08-05 09:05:01,913,1,0
2010-08-05 09:06:01,908.1,1,0
2010-08-05 09:07:01,905,1,0
2010-08-05 09:08:01,902.9,1,0
2010-08-05 09:09:01,903.2,1,0
2010-08-05 09:10:01,904.5,1,0
2010-08-05 09:11:01,908,1,0
2010-08-05 09:12:01,912.1,1,0
2010-08-05 09:13:01,915.3,1,0
2010-08-05 09:14:01,916.1,1,0
2010-08-05 09:15:01,918.3,1,0
2010-08-05 20:01:01,1019,1,0
2010-08-05 20:02:01,1007.6,1,0
2010-08-05 20:03:01,1003.9,1,0
2010-08-05 20:04:01,1004.7,1,0
2010-08-05 20:05:01,1008.7,1,0
2010-08-05 20:06:01,1014.3,1,0
2010-08-05 20:07:01,1020.9,1,0
2010-08-05 20:08:01,1027.2,1,0
2010-08-05 20:09:01,1034.9,1,0
2010-08-05 20:10:01,1036.4,1,0
2010-08-05 20:11:01,1040.2,1,0
2010-08-05 20:12:01,1034.6,1,0
2010-08-05 20:13:01,1030.6,1,0
2010-08-05 20:14:01,1025.5,1,0
2010-08-05 20:15:01,1027,1,0
2010-08-06 07:01:01,1026,1,0
2010-08-06 07:02:01,1010.3,1,0
2010-08-06 07:03:01,1013.5,1,0
2010-08-06 07:04:01,1014.1,1,0
2010-08-06 07:05:01,1015.6,1,0
2010-08-06 07:06:01,1013.2,1,0
2010-08-06 07:07:01,1010.6,1,0
2010-08-06 07:08:01,1012.1,1,0
2010-08-06 07:09:01,1010.1,1,0
2010-08-06 07:10:01,1013.2,1,0
2010-08-06 07:11:01,1009.9,1,0
2010-08-06 07:12:01,1010.5,1,0
2010-08-06 07:13:01,1015.1,1,0
2010-08-06 07:14:01,1020.2,1,0
2010-08-06 07:15:01,1021.9,1,0
2010-08-06 22:31:01,999.4,1,0
2010-08-06 22:32:01,1000,1,0
2010-08-06 22:33:01,994.5,1,0
2010-08-06 22:34:01,992.6,1,0
2010-08-06 22:35:01,992.7,1,0
2010-08-06 22:36:01,997.2,1,0
2010-08-06 22:37:01,995.6,1,0
2010-08-06 22:38:01,995.7,1,0
2010-08-06 22:39:01,995.3,1,0
2010-08-06 22:40:01,999,1,0
2010-08-06 22:41:01,1005.5,1,0
2010-08-06 22:42:01,1009,1,0
2010-08-06 22:43:01,1016.3,1,0
2010-08-06 22:44:01,1014.9,1,0
2010-08-06 22:45:01,1018.3,1,0
2010-08-07 21:31:01,1003.8,1,0
2010-08-07 21:32:01,983.7,1,0
2010-08-07 21:33:01,990.8,1,0
2010-08-07 21:34:01,996.1,1,0
2010-08-07 21:35:01,1001.7,1,0
2010-08-07 21:36:01,1004.3,1,0
2010-08-07 21:37:01,998.9,1,0
2010-08-07 21:38:01,999,1,0
2010-08-07 21:39:01,998.6,1,0
2010-08-07 21:40:01,995.6,1,0
2010-08-07 21:41:01,1000,1,0
2010-08-07 21:42:01,995.2,1,0
2010-08-07 21:43:01,996.1,1,0
2010-08-07 21:44:01,992,1,0
2010-08-07 21:45:01,995.1,1,0
2010-08-08 20:31:01,986.6,1,0
2010-08-08 20:32:01,1002.2,1,0
2010-08-08 20:33:01,1000.4,1,0
2010-08-08 20:34:01,997,1,0
2010-08-08 20:35:01,992.1,1,0
2010-08-08 20:36:01,988.9,1,0
2010-08-08 20:37:01,986.8,1,0
2010-08-08 20:38:01,981.5,1,0
2010-08-08 20:39:01,979.6,1,0
2010-08-08 20:40:01,983.4,1,0
2010-08-08 20:41:01,988.7,1,0
2010-08-08 20:42:01,992.5,1,0
2010-08-08 20:43:01,995.6,1,0
2010-08-08 20:44:01,993.8,1,0
2010-08-08 20:45:01,991.7,1,0
2010-08-09 19:31:01,973,1,0
2010-08-09 19:32:01,987.6,1,0
2010-08-09 19:33:01,985.8,1,0
2010-08-09 19:34:01,984.6,1,0
2010-08-09 19:35:01,980.2,1,0
2010-08-09 19:36:01,982,1,0
2010-08-09 19:37:01,981.7,1,0
2010-08-09 19:38:01,978.6,1,0
2010-08-09 19:39:01,979.2,1,0
2010-08-09 19:40:01,974.8,1,0
2010-08-09 19:41:01,980.1,1,0
2010-08-09 19:42:01,981,1,0
2010-08-09 19:43:01,979.1,1,0
2010-08-09 19:44:01,982.1,1,0
2010-08-09 19:45:01,983.9,1,0
2010-08-10 18:31:01,984.9,1,0
2010-08-10 18:32:01,990.5,1,0
2010-08-10 18:33:01,985.1,1,0
2010-08-10 18:34:01,980.6,1,0
2010-08-10 18:35:01,976.7,1,0
2010-08-10 18:36:01,982.6,1,0
2010-08-10 18:37:01,980.7,1,0
2010-08-10 18:38:01,984.7,1,0
2010-08-10 18:39:01,976.7,1,0
2010-08-10 18:40:01,978.2,1,0
2010-08-10 18:41:01,981.6,1,0
2010-08-10 18:42:01,981,1,0
2010-08-10 18:43:01,986.3,1,0
2010-08-10 18:44:01,989.6,1,0
2010-08-10 18:45:01,991.2,1,0
2010-08-11 17:31:01,962.4,1,0
2010-08-11 17:32:01,982.3,1,0
2010-08-11 17:33:01,978.5,1,0
2010-08-11 17:34:01,978.4,1,0
2010-08-11 17:35:01,977.8,1,0
2010-08-11 17:36:01,980.7,1,0
2010-08-11 17:37:01,979.9,1,0
2010-08-11 17:38:01,984,1,0
2010-08-11 17:39:01,984.7,1,0
2010-08-11 17:40:01,990.5,1,0
2010-08-11 17:41:01,988.3,1,0
2010-08-11 17:42:01,988.8,1,0
2010-08-11 17:43:01,986.4,1,0
2010-08-11 17:44:01,981.1,1,0
2010-08-11 17:45:01,975.9,1,0
2010-08-12 16:31:01,990.3,1,0
2010-08-12 16:32:01,977.4,1,0
2010-08-12 16:33:01,976.7,1,0
2010-08-12 16:34:01,971.5,1,0
2010-08-12 16:35:01,966.4,1,0
2010-08-12 16:36:01,963,1,0
2010-08-12 16:37:01,966.4,1,0
2010-08-12 16:38:01,972.2,1,0
2010-08-12 16:39:01,976.8,1,0
2010-08-12 16:40:01,975.9,1,0
2010-08-12 16:41:01,980.5,1,0
2010-08-12 16:42:01,987.1,1,0
2010-08-12 16:43:01,990.8,1,0
2010-08-12 16:44:01,992.3,1,0
2010-08-12 16:45:01,995.8,1,0
2010-08-13 15:31:01,1009.2,1,0
2010-08-13 15:32:01,998.1,1,0
2010-08-13 15:33:01,994.1,1,0
2010-08-13 15:34:01,987.7,1,0
2010-08-13 15:35:01,984.7,1,0
2010-08-13 15:36:01,986.1,1,0
2010-08-13 15:37:01,986.6,1,0
2010-08-13 15:38:01,982.2,1,0
2010-08-13 15:39:01,980.3,1,0
2010-08-13 15:40:01,984.3,1,0
2010-08-13 15:41:01,988.6,1,0
2010-08-13 15:42:01,994,1,0
2010-08-13 15:43:01,993.8,1,0
2010-08-13 15:44:01,997.4,1,0
2010-08-13 15:45:01,1000.1,1,0
2010-08-14 14:31:01,983,1,0
2010-08-14 14:32:01,981.8,1,0
2010-08-14 14:33:01,986.1,1,0
2010-08-14 14:34:01,986.1,1,0
2010-08-14 14:35:01,991.7,1,0
2010-08-14 14:36:01,990.8,1,0
2010-08-14 14:37:01,989.9,1,0
2010-08-14 14:38:01,988.3,1,0
2010-08-14 14:39:01,984.1,1,0
2010-08-14 14:40:01,984.2,1,0
2010-08-14 14:41:01,983.3,1,0
2010-08-14 14:42:01,981.6,1,0
2010-08-14 14:43:01,982.3,1,0
2010-08-14 14:44:01,977.4,1,0
2010-08-14 14:45:01,980.7,1,0
2010-08-15 13:31:01,991.4,1,0
2010-08-15 13:32:01,1005.4,1,0
2010-08-15 13:33:01,1000.7,1,0
2010-08-15 13:34:01,995.3,1,0
2010-08-15 13:35:01,988.7,1,0
2010-08-15 13:36:01,987.4,1,0
2010-08-15 13:37:01,988.3,1,0
2010-08-15 13:38:01,987.8,1,0
2010-08-15 13:39:01,984.1,1,0
2010-08-15 13:40:01,982.5,1,0
2010-08-15 13:41:01,978.3,1,0
2010-08-15 13:42:01,978.3,1,0
2010-08-15 13:43:01,975.2,1,0
2010-08-15 13:44:01,978.4,1,0
2010-08-15 13:45:01,976.5,1,0
2010-08-16 12:31:01,987.9,1,0
2010-08-16 12:32:01,984.5,1,0
2010-08-16 12:33:01,983.2,1,0
2010-08-16 12:34:01,979.8,1,0
2010-08-16 12:35:01,971,1,0
2010-08-16 12:36:01,971.4,1,0
2010-08-16 12:37:01,967.3,1,0
2010-08-16 12:38:01,970.6,1,0
2010-08-16 12:39:01,977.5,1,0
2010-08-16 12:40:01,986.8,1,0
2010-08-16 12:41:01,990.7,1,0
2010-08-16 12:42:01,997.9,1,0
2010-08-16 12:43:01,995.7,1,0
2010-08-16 12:44:01,995.1,1,0
2010-08-16 12:45:01,991,1,0
2010-08-17 11:31:01,1000.6,1,0
2010-08-17 11:32:01,985.3,1,0
2010-08-17 11:33:01,986.5,1,0
2010-08-17 11:34:01,986.8,1,0
2010-08-17 11:35:01,988.3,1,0
2010-08-17 11:36:01,987,1,0
2010-08-17 11:37:01,986.4,1,0
2010-08-17 11:38:01,984.9,1,0
2010-08-17 11:39:01,979.8,1,0
2010-08-17 11:40:01,985.2,1,0
2010-08-17 11:41:01,984.7,1,0
2010-08-17 11:42:01,988.2,1,0
2010-08-17 11:43:01,989.6,1,0
2010-08-17 11:44:01,992.5,1,0
2010-08-17 11:45:01,990.5,1,0
2010-08-18 10:31:01,999.3,1,0
2010-08-18 10:32:01,963.2,1,0
2010-08-18 10:33:01,971.3,1,0
2010-08-18 10:34:01,975.1,1,0
2010-08-18 10:35:01,981.5,1,0
2010-08-18 10:36:01,988.5,1,0
2010-08-18 10:37:01,990.2,1,0
2010-08-18 10:38:01,989.1,1,0
2010-08-18 10:39:01,987.8,1,0
2010-08-18 10:40:01,983.7,1,0
2010-08-18 10:41:01,986.4,1,0
2010-08-18 10:42:01,989.8,1,0
2010-08-18 10:43:01,993.2,1,0
2010-08-18 10:44:01,1001.2,1,0
2010-08-18 10:45:01,1002.4,1,0
2010-08-19 09:31:01,991.6,1,0
2010-08-19 09:32:01,984,1,0
2010-08-19 09:33:01,984.9,1,0
2010-08-19 09:34:01,992.8,1,0
2010-08-19 09:35:01,998.8,1,0
2010-08-19 09:36:01,1002.9,1,0
2010-08-19 09:37:01,1001.7,1,0
2010-08-19 09:38:01,1001.6,1,0
2010-08-19 09:39:01,999.4,1,0
2010-08-19 09:40:01,996.9,1,0
2010-08-19 09:41:01,995.8,1,0
2010-08-19 09:42:01,989.1,1,0
2010-08-19 09:43:01,987.1,1,0
2010-08-19 09:44:01,988.6,1,0
2010-08-19 09:45:01,987.7,1,0
2010-08-20 08:31:01,1005.6,1,0
2010-08-20 08:32:01,1005.6,1,0
2010-08-20 08:33:01,1002.1,1,0
2010-08-20 08:34:01,1001.5,1,0
2010-08-20 08:35:01,1005,1,0
2010-08-20 08:36:01,1006.9,1,0
2010-08-20 08:37:01,1006.4,1,0
2010-08-20 08:38:01,998.8,1,0
2010-08-20 08:39:01,1001,1,0
2010-08-20 08:40:01,999.8,1,0
2010-08-20 08:41:01,1003.2,1,0
2010-08-20 08:42:01,1001.3,1,0
2010-08-20 08:43:01,1006.8,1,0
2010-08-20 08:44:01,1010,1,0
2010-08-20 08:45:01,1016.2,1,0
2010-08-21 07:31:01,988.2,1,0
2010-08-21 07:32:01,999.5,1,0
2010-08-21 07:33:01,999,1,0
2010-08-21 07:34:01,1004,1,0
2010-08-21 07:35:01,999.1,1,0
2010-08-21 07:36:01,1005.8,1,0
2010-08-21 07:37:01,996.5,1,0
2010-08-21 07:38:01,997.4,1,0
2010-08-21 07:39:01,993.3,1,0
2010-08-21 07:40:01,989.8,1,0
2010-08-21 07:41:01,990.1,1,0
2010-08-21 07:42:01,993,1,0
2010-08-21 07:43:01,998,1,0
2010-08-21 07:44:01,995.1,1,0
2010-08-21 07:45:01,997.2,1,0
2010-08-22 06:31:01,982,1,0
2010-08-22 06:32:01,992.2,1,0
2010-08-22 06:33:01,993,1,0
2010-08-22 06:34:01,991.4,1,0
2010-08-22 06:35:01,995.8,1,0
2010-08-22 06:36:01,997,1,0
2010-08-22 06:37:01,998.1,1,0
2010-08-22 06:38:01,991.3,1,0
2010-08-22 06:39:01,988.7,1,0
2010-08-22 06:40:01,984.3,1,0
2010-08-22 06:41:01,984.4,1,0
2010-08-22 06:42:01,984.4,1,0
2010-08-22 06:43:01,983.9,1,0
2010-08-22 06:44:01,986.8,1,0
2010-08-22 06:45:01,989.3,1,0
2010-08-23 05:31:01,1016.4,1,0
2010-08-23 05:32:01,1021.3,1,0
2010-08-23 05:33:01,1019.6,1,0
2010-08-23 05:34:01,1015.9,1,0
2010-08-23 05:35:01,1010.2,1,0
2010-08-23 05:36:01,1008.6,1,0
2010-08-23 05:37:01,1010.7,1,0
2010-08-23 05:38:01,1018.3,1,0
2010-08-23 05:39:01,1019.1,1,0
2010-08-23 05:40:01,1018.2,1,0
2010-08-23 05:41:01,1014,1,0
2010-08-23 05:42:01,1015.1,1,0
2010-08-23 05:43:01,1018,1,0
2010-08-23 05:44:01,1020.1,1,0
2010-08-23 05:45:01,1020.8,1,0
2010-08-24 04:31:01,1066.4,1,0
2010-08-24 04:32:01,1052.3,1,0
2010-08-24 04:33:01,1050.5,1,0
2010-08-24 04:34:01,1044.8,1,0
2010-08-24 04:35:01,1040.7,1,0
2010-08-24 04:36:01,1042.5,1,0
2010-08-24 04:37:01,1043.6,1,0
2010-08-24 04:38:01,1043.3,1,0
2010-08-24 04:39:01,1041.1,1,0
2010-08-24 04:40:01,1043.3,1,0
2010-08-24 04:41:01,1043.5,1,0
2010-08-24 04:42:01,1047.3,1,0
2010-08-24 04:43:01,1052.4,1,0
2010-08-24 04:44:01,1052.7,1,0
2010-08-24 04:45:01,1048.7,1,0
2010-08-25 03:31:01,1056.4,1,0
2010-08-25 03:32:01,1051.8,1,0
2010-08-25 03:33:01,1052.5,1,0
2010-08-25 03:34:01,1047,1,0
2010-08-25 03:35:01,1047.3,1,0
2010-08-25 03:36:01,1049.1,1,0
2010-08-25 03:37:01,1047,1,0
2010-08-25 03:38:01,1048.3,1,0
2010-08-25 03:39:01,1047.5,1,0
2010-08-25 03:40:01,1047.6,1,0
2010-08-25 03:41:01,1047.6,1,0
2010-08-25 03:42:01,1047.2,1,0
2010-08-25 03:43:01,1049.3,1,0
2010-08-25 03:44:01,1047.6,1,0
2010-08-25 03:45:01,1053.6,1,0
2010-08-26 02:31:01,1014.4,1,0
2010-08-26 02:32:01,998.2,1,0
2010-08-26 02:33:01,998.4,1,0
2010-08-26 02:34:01,998.6,1,0
2010-08-26 02:35:01,995,1,0
2010-08-26 02:36:01,993.1,1,0
2010-08-26 02:37:01,991.5,1,0
2010-08-26 02:38:01,993,1,0
2010-08-26 02:39:01,996.9,1,0
2010-08-26 02:40:01,1005.2,1,0
2010-08-26 02:41:01,1006.3,1,0
2010-08-26 02:42:01,1003,1,0
2010-08-26 02:43:01,1000.7,1,0
2010-08-26 02:44:01,1005,1,0
2010-08-26 02:45:01,1009.7,1,0
2010-08-27 01:31:01,989.5,1,0
2010-08-27 01:32:01,986.3,1,0
2010-08-27 01:33:01,990.1,1,0
2010-08-27 01:34:01,993.7,1,0
2010-08-27 01:35:01,995.1,1,0
2010-08-27 01:36:01,994.7,1,0
2010-08-27 01:37:01,993.6,1,0
2010-08-27 01:38:01,991,1,0
2010-08-27 01:39:01,988.6,1,0
2010-08-27 01:40:01,985.4,1,0
2010-08-27 01:41:01,983.9,1,0
2010-08-27 01:42:01,992.9,1,0
2010-08-27 01:43:01,994.2,1,0
2010-08-27 01:44:01,994.4,1,0
2010-08-27 01:45:01,998.3,1,0
2010-08-28 00:31:01,972.3,1,0
2010-08-28 00:32:01,984.4,1,0
2010-08-28 00:33:01,980.3,1,0
2010-08-28 00:34:01,981,1,0
2010-08-28 00:35:01,981.9,1,0
2010-08-28 00:36:01,985.3,1,0
2010-08-28 00:37:01,984.6,1,0
2010-08-28 00:38:01,983.2,1,0
2010-08-28 00:39:01,982.1,1,0
2010-08-28 00:40:01,985.5,1,0
2010-08-28 00:41:01,987.2,1,0
2010-08-28 00:42:01,983.5,1,0
2010-08-28 00:43:01,979.5,1,0
2010-08-28 00:44:01,978.8,1,0
2010-08-28 00:45:01,980.8,1,0
2010-08-28 23:31:01,952.3,1,0
2010-08-28 23:32:01,979.8,1,0
2010-08-28 23:33:01,974.2,1,0
2010-08-28 23:34:01,964.4,1,0
2010-08-28 23:35:01,956.7,1,0
2010-08-28 23:36:01,955.2,1,0
2010-08-28 23:37:01,961.4,1,0
2010-08-28 23:38:01,963,1,0
2010-08-28 23:39:01,962.6,1,0
2010-08-28 23:40:01,961.9,1,0
2010-08-28 23:41:01,962.8,1,0
2010-08-28 23:42:01,963.1,1,0
2010-08-28 23:43:01,960.5,1,0
2010-08-28 23:44:01,962.6,1,0
2010-08-28 23:45:01,963,1,0
2010-08-29 22:31:01,991.9,1,0
2010-08-29 22:32:01,970.9,1,0
2010-08-29 22:33:01,974.3,1,0
2010-08-29 22:34:01,977.9,1,0
2010-08-29 22:35:01,983.3,1,0
2010-08-29 22:36:01,985.1,1,0
2010-08-29 22:37:01,980.9,1,0
2010-08-29 22:38:01,979.1,1,0
2010-08-29 22:39:01,976.5,1,0
2010-08-29 22:40:01,976.9,1,0
2010-08-29 22:41:01,979.2,1,0
2010-08-29 22:42:01,984.4,1,0
2010-08-29 22:43:01,992.3,1,0
2010-08-29 22:44:01,999.8,1,0
2010-08-29 22:45:01,1005.5,1,0
2010-08-30 21:31:01,985.4,1,0
2010-08-30 21:32:01,987,1,0
2010-08-30 21:33:01,984.7,1,0
2010-08-30 21:34:01,985.1,1,0
2010-08-30 21:35:01,988.7,1,0
2010-08-30 21:36:01,986.8,1,0
2010-08-30 21:37:01,988.2,1,0
2010-08-30 21:38:01,983.6,1,0
2010-08-30 21:39:01,985.5,1,0
2010-08-30 21:40:01,984.3,1,0
2010-08-30 21:41:01,978.8,1,0
2010-08-30 21:42:01,974.2,1,0
2010-08-30 21:43:01,970.5,1,0
2010-08-30 21:44:01,973.9,1,0
2010-08-30 21:45:01,972.3,1,0
2010-08-31 20:31:01,978.8,1,0
2010-08-31 20:32:01,997.4,1,0
2010-08-31 20:33:01,994.5,1,0
2010-08-31 20:34:01,989.7,1,0
2010-08-31 20:35:01,986.7,1,0
2010-08-31 20:36:01,983.4,1,0
2010-08-31 20:37:01,979.3,1,0
2010-08-31 20:38:01,979.4,1,0
2010-08-31 20:39:01,980.8,1,0
2010-08-31 20:40:01,986.2,1,0
2010-08-31 20:41:01,990.8,1,0
2010-08-31 20:42:01,997.3,1,0
2010-08-31 20:43:01,1000.2,1,0
2010-08-31 20:44:01,996.5,1,0
2010-08-31 20:45:01,996.6,1,0
2010-09-01 19:31:01,950.3,1,0
2010-09-01 19:32:01,960.1,1,0
2010-09-01 19:33:01,963.7,1,0
2010-09-01 19:34:01,971.2,1,0
2010-09-01 19:35:01,980.7,1,0
2010-09-01 19:36:01,985.7,1,0
2010-09-01 19:37:01,991.1,1,0
2010-09-01 19:38:01,990.9,1,0
2010-09-01 19:39:01,990.7,1,0
2010-09-01 19:40:01,984.1,1,0
2010-09-01 19:41:01,983.7,1,0
2010-09-01 19:42:01,984.4,1,0
2010-09-01 19:43:01,987.6,1,0
2010-09-01 19:44:01,988.7,1,0
2010-09-01 19:45:01,990.9,1,0
2010-09-02 18:31:01,987.5,1,0
2010-09-02 18:32:01,986.7,1,0
2010-09-02 18:33:01,985.2,1,0
2010-09-02 18:34:01,987.7,1,0
2010-09-02 18:35:01,984.5,1,0
2010-09-02 18:36:01,981.5,1,0
2010-09-02 18:37:01,980.1,1,0
2010-09-02 18:38:01,978.7,1,0
2010-09-02 18:39:01,980.6,1,0
2010-09-02 18:40:01,983.4,1,0
2010-09-02 18:41:01,980.7,1,0
2010-09-02 18:42:01,983.5,1,0
2010-09-02 18:43:01,985.3,1,0
2010-09-02 18:44:01,982.5,1,0
2010-09-02 18:45:01,985.4,1,0
2010-09-03 17:31:01,980.9,1,0
2010-09-03 17:32:01,986.8,1,0
2010-09-03 17:33:01,986.9,1,0
2010-09-03 17:34:01,982.7,1,0
2010-09-03 17:35:01,976.9,1,0
2010-09-03 17:36:01,975,1,0
2010-09-03 17:37:01,971.9,1,0
2010-09-03 17:38:01,981.3,1,0
2010-09-03 17:39:01,985.6,1,0
2010-09-03 17:40:01,985,1,0
2010-09-03 17:41:01,982,1,0
2010-09-03 17:42:01,973.6,1,0
2010-09-03 17:43:01,974.1,1,0
2010-09-03 17:44:01,976.7,1,0
2010-09-03 17:45:01,982.2,1,0
2010-09-04 16:31:01,991.8,1,0
2010-09-04 16:32:01,979.5,1,0
2010-09-04 16:33:01,979.4,1,0
2010-09-04 16:34:01,982.2,1,0
2010-09-04 16:35:01,984.8,1,0
2010-09-04 16:36:01,978.9,1,0
2010-09-04 16:37:01,978.3,1,0
2010-09-04 16:38:01,978.9,1,0
2010-09-04 16:39:01,981,1,0
2010-09-04 16:40:01,983,1,0
2010-09-04 16:41:01,980,1,0
2010-09-04 16:42:01,975.3,1,0
2010-09-04 16:43:01,979.3,1,0
2010-09-04 16:44:01,979.7,1,0
2010-09-04 16:45:01,982,1,0
2010-09-05 15:31:01,960.6,1,0
2010-09-05 15:32:01,952.2,1,0
2010-09-05 15:33:01,955.8,1,0
2010-09-05 15:34:01,959,1,0
2010-09-05 15:35:01,961.2,1,0
2010-09-05 15:36:01,962.5,1,0
2010-09-05 15:37:01,964.4,1,0
2010-09-05 15:38:01,968.2,1,0
2010-09-05 15:39:01,970.1,1,0
2010-09-05 15:40:01,971.9,1,0
2010-09-05 15:41:01,975.9,1,0
2010-09-05 15:42:01,969,1,0
2010-09-05 15:43:01,965.6,1,0
2010-09-05 15:44:01,963.5,1,0
2010-09-05 15:45:01,964.1,1,0
2010-09-06 14:31:01,994.1,1,0
2010-09-06 14:32:01,969,1,0
2010-09-06 14:33:01,965.5,1,0
2010-09-06 14:34:01,964,1,0
2010-09-06 14:35:01,961.9,1,0
2010-09-06 14:36:01,967.1,1,0
2010-09-06 14:37:01,971.4,1,0
2010-09-06 14:38:01,975.7,1,0
2010-09-06 14:39:01,976.9,1,0
2010-09-06 14:40:01,981,1,0
2010-09-06 14:41:01,982.2,1,0
2010-09-06 14:42:01,986.2,1,0
2010-09-06 14:43:01,985.2,1,0
2010-09-06 14:44:01,986.5,1,0
2010-09-06 14:45:01,986.6,1,0
2010-09-08 12:31:01,984,1,0
2010-09-08 12:32:01,970.7,1,0
2010-09-08 12:33:01,969.8,1,0
2010-09-08 12:34:01,969.6,1,0
2010-09-08 12:35:01,968.4,1,0
2010-09-08 12:36:01,961.4,1,0
2010-09-08 12:37:01,965,1,0
2010-09-08 12:38:01,964.5,1,0
2010-09-08 12:39:01,970.4,1,0
2010-09-08 12:40:01,966.8,1,0
2010-09-08 12:41:01,965.1,1,0
2010-09-08 12:42:01,961.3,1,0
2010-09-08 12:43:01,960.7,1,0
2010-09-08 12:44:01,960.3,1,0
2010-09-08 12:45:01,955.9,1,0
2010-09-09 11:31:01,980.9,1,0
2010-09-09 11:32:01,963.7,1,0
2010-09-09 11:33:01,963,1,0
2010-09-09 11:34:01,964.3,1,0
2010-09-09 11:35:01,958.1,1,0
2010-09-09 11:36:01,953.5,1,0
2010-09-09 11:37:01,953.2,1,0
2010-09-09 11:38:01,954.2,1,0
2010-09-09 11:39:01,958.1,1,0
2010-09-09 11:40:01,961,1,0
2010-09-09 11:41:01,959.8,1,0
2010-09-09 11:42:01,952.8,1,0
2010-09-09 11:43:01,955.7,1,0
2010-09-09 11:44:01,950,1,0
2010-09-09 11:45:01,953,1,0
2010-09-10 10:31:01,981.1,1,0
2010-09-10 10:32:01,957.3,1,0
2010-09-10 10:33:01,960.8,1,0
2010-09-10 10:34:01,964.3,1,0
2010-09-10 10:35:01,963.5,1,0
2010-09-10 10:36:01,965.5,1,0
2010-09-10 10:37:01,967.6,1,0
2010-09-10 10:38:01,970.1,1,0
2010-09-10 10:39:01,968.7,1,0
2010-09-10 10:40:01,966.8,1,0
2010-09-10 10:41:01,964,1,0
2010-09-10 10:42:01,967.2,1,0
2010-09-10 10:43:01,968.9,1,0
2010-09-10 10:44:01,972.6,1,0
2010-09-10 10:45:01,973.4,1,0
2010-09-11 09:31:01,997.8,1,0
2010-09-11 09:32:01,985.8,1,0
2010-09-11 09:33:01,987.6,1,0
2010-09-11 09:34:01,990.2,1,0
2010-09-11 09:35:01,988.5,1,0
2010-09-11 09:36:01,990.3,1,0
2010-09-11 09:37:01,992.4,1,0
2010-09-11 09:38:01,995,1,0
2010-09-11 09:39:01,996.7,1,0
2010-09-11 09:40:01,996.5,1,0
2010-09-11 09:41:01,995.2,1,0
2010-09-11 09:42:01,993.4,1,0
2010-09-11 09:43:01,988.9,1,0
2010-09-11 09:44:01,984.1,1,0
2010-09-11 09:45:01,978.5,1,0
2010-09-12 08:31:01,982,1,0
2010-09-12 08:32:01,965.9,1,0
2010-09-12 08:33:01,967.5,1,0
2010-09-12 08:34:01,973.2,1,0
2010-09-12 08:35:01,980.2,1,0
2010-09-12 08:36:01,982.9,1,0
2010-09-12 08:37:01,985.1,1,0
2010-09-12 08:38:01,981.4,1,0
2010-09-12 08:39:01,983.1,1,0
2010-09-12 08:40:01,978.9,1,0
2010-09-12 08:41:01,976.5,1,0
2010-09-12 08:42:01,978.4,1,0
2010-09-12 08:43:01,979.6,1,0
2010-09-12 08:44:01,979.5,1,0
2010-09-12 08:45:01,980.3,1,0
2010-09-13 07:31:01,1014.5,1,0
2010-09-13 07:32:01,1014.6,1,0
2010-09-13 07:33:01,1013.1,1,0
2010-09-13 07:34:01,1015.2,1,0
2010-09-13 07:35:01,1018.7,1,0
2010-09-13 07:36:01,1018.5,1,0
2010-09-13 07:37:01,1020.6,1,0
2010-09-13 07:38:01,1022.4,1,0
2010-09-13 07:39:01,1021.4,1,0
2010-09-13 07:40:01,1017.6,1,0
2010-09-13 07:41:01,1009.9,1,0
2010-09-13 07:42:01,1008.8,1,0
2010-09-13 07:43:01,1009.3,1,0
2010-09-13 07:44:01,1009,1,0
2010-09-13 07:45:01,1013.6,1,0
2010-09-14 06:31:01,987.5,1,0
2010-09-14 06:32:01,1007.2,1,0
2010-09-14 06:33:01,1002,1,0
2010-09-14 06:34:01,998.1,1,0
2010-09-14 06:35:01,990.4,1,0
2010-09-14 06:36:01,989.5,1,0
2010-09-14 06:37:01,987.1,1,0
2010-09-14 06:38:01,988.2,1,0
2010-09-14 06:39:01,987.1,1,0
2010-09-14 06:40:01,986.7,1,0
2010-09-14 06:41:01,991.6,1,0
2010-09-14 06:42:01,994.1,1,0
2010-09-14 06:43:01,998.2,1,0
2010-09-14 06:44:01,995.9,1,0
2010-09-14 06:45:01,993.6,1,0
2010-09-15 05:31:01,1024.5,1,0
2010-09-15 05:32:01,986.8,1,0
2010-09-15 05:33:01,995,1,0
2010-09-15 05:34:01,1002.6,1,0
2010-09-15 05:35:01,1010.6,1,0
2010-09-15 05:36:01,1006.6,1,0
2010-09-15 05:37:01,1005.1,1,0
2010-09-15 05:38:01,1003.5,1,0
2010-09-15 05:39:01,999.7,1,0
2010-09-15 05:40:01,1006,1,0
2010-09-15 05:41:01,1007.3,1,0
2010-09-15 05:42:01,1009.9,1,0
2010-09-15 05:43:01,1009.2,1,0
2010-09-15 05:44:01,1010.1,1,0
2010-09-15 05:45:01,1013.8,1,0
2010-09-17 03:31:01,1025,1,0
2010-09-17 03:32:01,1039,1,0
2010-09-17 03:33:01,1036.5,1,0
2010-09-17 03:34:01,1038,1,0
2010-09-17 03:35:01,1040.2,1,0
2010-09-17 03:36:01,1042.4,1,0
2010-09-17 03:37:01,1046.9,1,0
2010-09-17 03:38:01,1043,1,0
2010-09-17 03:39:01,1039,1,0
2010-09-17 03:40:01,1038.3,1,0
2010-09-17 03:41:01,1037.3,1,0
2010-09-17 03:42:01,1037.6,1,0
2010-09-17 03:43:01,1036.8,1,0
2010-09-17 03:44:01,1034.8,1,0
2010-09-17 03:45:01,1035.2,1,0
2010-09-18 02:31:01,931.8,1,0
2010-09-18 02:32:01,950.5,1,0
2010-09-18 02:33:01,957.3,1,0
2010-09-18 02:34:01,966,1,0
2010-09-18 02:35:01,970.6,1,0
2010-09-18 02:36:01,967.8,1,0
2010-09-18 02:37:01,971.7,1,0
2010-09-18 02:38:01,969.9,1,0
2010-09-18 02:39:01,971.4,1,0
2010-09-18 02:40:01,968.3,1,0
2010-09-18 02:41:01,971.9,1,0
2010-09-18 02:42:01,971.5,1,0
2010-09-18 02:43:01,972.5,1,0
2010-09-18 02:44:01,971.3,1,0
2010-09-18 02:45:01,973.9,1,0
2010-09-19 01:31:01,979.5,1,0
2010-09-19 01:32:01,980.3,1,0
2010-09-19 01:33:01,979.9,1,0
2010-09-19 01:34:01,978.2,1,0
2010-09-19 01:35:01,975.2,1,0
2010-09-19 01:36:01,971.6,1,0
2010-09-19 01:37:01,969.2,1,0
2010-09-19 01:38:01,969.5,1,0
2010-09-19 01:39:01,972.8,1,0
2010-09-19 01:40:01,970.9,1,0
2010-09-19 01:41:01,969.9,1,0
2010-09-19 01:42:01,965.1,1,0
2010-09-19 01:43:01,965.4,1,0
2010-09-19 01:44:01,968.5,1,0
2010-09-19 01:45:01,971.7,1,0
2010-09-20 00:31:01,970.3,1,0
2010-09-20 00:32:01,952.5,1,0
2010-09-20 00:33:01,960,1,0
2010-09-20 00:34:01,963.6,1,0
2010-09-20 00:35:01,968.7,1,0
2010-09-20 00:36:01,966.4,1,0
2010-09-20 00:37:01,962.8,1,0
2010-09-20 00:38:01,958,1,0
2010-09-20 00:39:01,960,1,0
2010-09-20 00:40:01,963.3,1,0
2010-09-20 00:41:01,966.4,1,0
2010-09-20 00:42:01,964,1,0
2010-09-20 00:43:01,965.6,1,0
2010-09-20 00:44:01,962.8,1,0
2010-09-20 00:45:01,968.1,1,0
2010-09-20 23:31:01,959.9,1,0
2010-09-20 23:32:01,953.7,1,0
2010-09-20 23:33:01,961.4,1,0
2010-09-20 23:34:01,969.1,1,0
2010-09-20 23:35:01,975,1,0
2010-09-20 23:36:01,978.7,1,0
2010-09-20 23:37:01,977.5,1,0
2010-09-20 23:38:01,972.3,1,0
2010-09-20 23:39:01,973.7,1,0
2010-09-20 23:40:01,969.5,1,0
2010-09-20 23:41:01,972.4,1,0
2010-09-20 23:42:01,974,1,0
2010-09-20 23:43:01,973.8,1,0
2010-09-20 23:44:01,969.4,1,0
2010-09-20 23:45:01,971.4,1,0
2010-09-21 22:31:01,966.2,1,0
2010-09-21 22:32:01,959.3,1,0
2010-09-21 22:33:01,959.7,1,0
2010-09-21 22:34:01,964,1,0
2010-09-21 22:35:01,968.9,1,0
2010-09-21 22:36:01,969.8,1,0
2010-09-21 22:37:01,968,1,0
2010-09-21 22:38:01,961.4,1,0
2010-09-21 22:39:01,962.9,1,0
2010-09-21 22:40:01,969.4,1,0
2010-09-21 22:41:01,972.8,1,0
2010-09-21 22:42:01,978.6,1,0
2010-09-21 22:43:01,977.5,1,0
2010-09-21 22:44:01,970.6,1,0
2010-09-21 22:45:01,967.6,1,0
2010-09-22 21:31:01,934.5,1,0
2010-09-22 21:32:01,953.4,1,0
2010-09-22 21:33:01,957.3,1,0
2010-09-22 21:34:01,961.6,1,0
2010-09-22 21:35:01,966.4,1,0
2010-09-22 21:36:01,967.9,1,0
2010-09-22 21:37:01,967.2,1,0
2010-09-22 21:38:01,967.7,1,0
2010-09-22 21:39:01,968.5,1,0
2010-09-22 21:40:01,969.2,1,0
2010-09-22 21:41:01,969.1,1,0
2010-09-22 21:42:01,971,1,0
2010-09-22 21:43:01,974,1,0
2010-09-22 21:44:01,975.6,1,0
2010-09-22 21:45:01,974.9,1,0
2010-09-23 20:31:01,941.2,1,0
2010-09-23 20:32:01,960.7,1,0
2010-09-23 20:33:01,968,1,0
2010-09-23 20:34:01,974.7,1,0
2010-09-23 20:35:01,978.6,1,0
2010-09-23 20:36:01,976.1,1,0
2010-09-23 20:37:01,977.5,1,0
2010-09-23 20:38:01,981.7,1,0
2010-09-23 20:39:01,980.1,1,0
2010-09-23 20:40:01,985.4,1,0
2010-09-23 20:41:01,986.7,1,0
2010-09-23 20:42:01,989.5,1,0
2010-09-23 20:43:01,989.2,1,0
2010-09-23 20:44:01,988.7,1,0
2010-09-23 20:45:01,990.7,1,0
2010-09-24 19:31:01,989.4,1,0
2010-09-24 19:32:01,975.3,1,0
2010-09-24 19:33:01,973.7,1,0
2010-09-24 19:34:01,972.7,1,0
2010-09-24 19:35:01,975,1,0
2010-09-24 19:36:01,975.4,1,0
2010-09-24 19:37:01,976.4,1,0
2010-09-24 19:38:01,972.8,1,0
2010-09-24 19:39:01,973.9,1,0
2010-09-24 19:40:01,976.3,1,0
2010-09-24 19:41:01,975.2,1,0
2010-09-24 19:42:01,974.1,1,0
2010-09-24 19:43:01,972.1,1,0
2010-09-24 19:44:01,973.3,1,0
2010-09-24 19:45:01,975.5,1,0
2010-09-25 18:31:01,949.6,1,0
2010-09-25 18:32:01,969,1,0
2010-09-25 18:33:01,967.8,1,0
2010-09-25 18:34:01,964.9,1,0
2010-09-25 18:35:01,966.2,1,0
2010-09-25 18:36:01,968.4,1,0
2010-09-25 18:37:01,967.4,1,0
2010-09-25 18:38:01,961.9,1,0
2010-09-25 18:39:01,959.6,1,0
2010-09-25 18:40:01,960.3,1,0
2010-09-25 18:41:01,959.9,1,0
2010-09-25 18:42:01,964,1,0
2010-09-25 18:43:01,964,1,0
2010-09-25 18:44:01,968.2,1,0
2010-09-25 18:45:01,967,1,0
2010-09-27 16:31:01,986.3,1,0
2010-09-27 16:32:01,997.9,1,0
2010-09-27 16:33:01,995.3,1,0
2010-09-27 16:34:01,988.7,1,0
2010-09-27 16:35:01,983.6,1,0
2010-09-27 16:36:01,978,1,0
2010-09-27 16:37:01,979.9,1,0
2010-09-27 16:38:01,986,1,0
2010-09-27 16:39:01,987.3,1,0
2010-09-27 16:40:01,990.2,1,0
2010-09-27 16:41:01,982.5,1,0
2010-09-27 16:42:01,980.6,1,0
2010-09-27 16:43:01,984.7,1,0
2010-09-27 16:44:01,989,1,0
2010-09-27 16:45:01,995.1,1,0
2010-09-28 15:31:01,985.1,1,0
2010-09-28 15:32:01,1001.6,1,0
2010-09-28 15:33:01,997.2,1,0
2010-09-28 15:34:01,992.6,1,0
2010-09-28 15:35:01,988.1,1,0
2010-09-28 15:36:01,986.2,1,0
2010-09-28 15:37:01,994.2,1,0
2010-09-28 15:38:01,996.9,1,0
2010-09-28 15:39:01,1001.2,1,0
2010-09-28 15:40:01,1000,1,0
2010-09-28 15:41:01,994.4,1,0
2010-09-28 15:42:01,992.9,1,0
2010-09-28 15:43:01,993.7,1,0
2010-09-28 15:44:01,993.8,1,0
2010-09-28 15:45:01,1000.7,1,0
2010-09-29 14:31:01,1006.2,1,0
2010-09-29 14:32:01,989.9,1,0
2010-09-29 14:33:01,995.5,1,0
2010-09-29 14:34:01,995.4,1,0
2010-09-29 14:35:01,999,1,0
2010-09-29 14:36:01,996.2,1,0
2010-09-29 14:37:01,999.3,1,0
2010-09-29 14:38:01,996.3,1,0
2010-09-29 14:39:01,993.6,1,0
2010-09-29 14:40:01,998.6,1,0
2010-09-29 14:41:01,1002.2,1,0
2010-09-29 14:42:01,1006.6,1,0
2010-09-29 14:43:01,1011.3,1,0
2010-09-29 14:44:01,1013.9,1,0
2010-09-29 14:45:01,1020.1,1,0
2010-09-30 13:31:01,981.5,1,0
2010-09-30 13:32:01,944.9,1,0
2010-09-30 13:33:01,957.7,1,0
2010-09-30 13:34:01,971,1,0
2010-09-30 13:35:01,985.6,1,0
2010-09-30 13:36:01,993.5,1,0
2010-09-30 13:37:01,997,1,0
2010-09-30 13:38:01,995.8,1,0
2010-09-30 13:39:01,991.3,1,0
2010-09-30 13:40:01,986.4,1,0
2010-09-30 13:41:01,983.4,1,0
2010-09-30 13:42:01,983.5,1,0
2010-09-30 13:43:01,981.9,1,0
2010-09-30 13:44:01,982.6,1,0
2010-09-30 13:45:01,984.7,1,0
2010-10-02 11:31:01,999.6,1,0
2010-10-02 11:32:01,969.6,1,0
2010-10-02 11:33:01,980.3,1,0
2010-10-02 11:34:01,991.2,1,0
2010-10-02 11:35:01,998.3,1,0
2010-10-02 11:36:01,994,1,0
2010-10-02 11:37:01,995.8,1,0
2010-10-02 11:38:01,993,1,0
2010-10-02 11:39:01,994.2,1,0
2010-10-02 11:40:01,995.3,1,0
2010-10-02 11:41:01,992,1,0
2010-10-02 11:42:01,989.2,1,0
2010-10-02 11:43:01,984.5,1,0
2010-10-02 11:44:01,984.8,1,0
2010-10-02 11:45:01,990.2,1,0
2010-10-03 10:31:01,941.5,1,0
2010-10-03 10:32:01,943.5,1,0
2010-10-03 10:33:01,960,1,0
2010-10-03 10:34:01,975.2,1,0
2010-10-03 10:35:01,987.2,1,0
2010-10-03 10:36:01,979.9,1,0
2010-10-03 10:37:01,974.9,1,0
2010-10-03 10:38:01,974.2,1,0
2010-10-03 10:39:01,977.8,1,0
2010-10-03 10:40:01,974,1,0
2010-10-03 10:41:01,970.8,1,0
2010-10-03 10:42:01,968,1,0
2010-10-03 10:43:01,970.6,1,0
2010-10-03 10:44:01,972.9,1,0
2010-10-03 10:45:01,971.5,1,0
2010-10-04 09:31:01,943.5,1,0
2010-10-04 09:32:01,947.6,1,0
2010-10-04 09:33:01,953.8,1,0
2010-10-04 09:34:01,956.5,1,0
2010-10-04 09:35:01,961.2,1,0
2010-10-04 09:36:01,961.1,1,0
2010-10-04 09:37:01,960.2,1,0
2010-10-04 09:38:01,962.2,1,0
2010-10-04 09:39:01,963.6,1,0
2010-10-04 09:40:01,963,1,0
2010-10-04 09:41:01,958.9,1,0
2010-10-04 09:42:01,956.6,1,0
2010-10-04 09:43:01,954,1,0
2010-10-04 09:44:01,953.8,1,0
2010-10-04 09:45:01,953.4,1,0
2010-10-05 08:31:01,975.7,1,0
2010-10-05 08:32:01,954,1,0
2010-10-05 08:33:01,957.9,1,0
2010-10-05 08:34:01,964.9,1,0
2010-10-05 08:35:01,974.1,1,0
2010-10-05 08:36:01,977,1,0
2010-10-05 08:37:01,973.9,1,0
2010-10-05 08:38:01,970.3,1,0
2010-10-05 08:39:01,964.5,1,0
2010-10-05 08:40:01,961.8,1,0
2010-10-05 08:41:01,962.5,1,0
2010-10-05 08:42:01,969.8,1,0
2010-10-05 08:43:01,973.4,1,0
2010-10-05 08:44:01,977.9,1,0
2010-10-05 08:45:01,977.3,1,0
2010-10-06 07:31:01,963.7,1,0
2010-10-06 07:32:01,983.2,1,0
2010-10-06 07:33:01,979.7,1,0
2010-10-06 07:34:01,974.8,1,0
2010-10-06 07:35:01,974.6,1,0
2010-10-06 07:36:01,980.2,1,0
2010-10-06 07:37:01,982.3,1,0
2010-10-06 07:38:01,986.5,1,0
2010-10-06 07:39:01,984.9,1,0
2010-10-06 07:40:01,983,1,0
2010-10-06 07:41:01,980.6,1,0
2010-10-06 07:42:01,979.2,1,0
2010-10-06 07:43:01,980.6,1,0
2010-10-06 07:44:01,979.3,1,0
2010-10-06 07:45:01,982,1,0
2010-10-07 06:31:01,1015.9,1,0
2010-10-07 06:32:01,1014.1,1,0
2010-10-07 06:33:01,1011.9,1,0
2010-10-07 06:34:01,1010,1,0
2010-10-07 06:35:01,1011.6,1,0
2010-10-07 06:36:01,1012.8,1,0
2010-10-07 06:37:01,1011.5,1,0
2010-10-07 06:38:01,1005.1,1,0
2010-10-07 06:39:01,1001.6,1,0
2010-10-07 06:40:01,1001.2,1,0
2010-10-07 06:41:01,1003,1,0
2010-10-07 06:42:01,1001.6,1,0
2010-10-07 06:43:01,1003.4,1,0
2010-10-07 06:44:01,1003.4,1,0
2010-10-07 06:45:01,1000.8,1,0
2010-10-08 05:31:01,994.3,1,0
2010-10-08 05:32:01,1008.1,1,0
2010-10-08 05:33:01,1010.5,1,0
2010-10-08 05:34:01,1008.1,1,0
2010-10-08 05:35:01,1007.6,1,0
2010-10-08 05:36:01,1003.4,1,0
2010-10-08 05:37:01,1002.2,1,0
2010-10-08 05:38:01,996,1,0
2010-10-08 05:39:01,997.8,1,0
2010-10-08 05:40:01,996.3,1,0
2010-10-08 05:41:01,1001.5,1,0
2010-10-08 05:42:01,998.2,1,0
2010-10-08 05:43:01,999.2,1,0
2010-10-08 05:44:01,1000.2,1,0
2010-10-08 05:45:01,1002.7,1,0
2010-10-09 04:31:01,1060.5,1,0
2010-10-09 04:32:01,1061.1,1,0
2010-10-09 04:33:01,1063.6,1,0
2010-10-09 04:34:01,1064,1,0
2010-10-09 04:35:01,1066.6,1,0
2010-10-09 04:36:01,1062.7,1,0
2010-10-09 04:37:01,1061.4,1,0
2010-10-09 04:38:01,1063.3,1,0
2010-10-09 04:39:01,1059.2,1,0
2010-10-09 04:40:01,1054.1,1,0
2010-10-09 04:41:01,1042.5,1,0
2010-10-09 04:42:01,1041.9,1,0
2010-10-09 04:43:01,1042.8,1,0
2010-10-09 04:44:01,1044.7,1,0
2010-10-09 04:45:01,1045,1,0
2010-10-10 03:31:01,1045.5,1,0
2010-10-10 03:32:01,1062.7,1,0
2010-10-10 03:33:01,1059.4,1,0
2010-10-10 03:34:01,1059.4,1,0
2010-10-10 03:35:01,1057.2,1,0
2010-10-10 03:36:01,1056.1,1,0
2010-10-10 03:37:01,1054.6,1,0
2010-10-10 03:38:01,1055.1,1,0
2010-10-10 03:39:01,1057.1,1,0
2010-10-10 03:40:01,1058.1,1,0
2010-10-10 03:41:01,1061.6,1,0
2010-10-10 03:42:01,1061.4,1,0
2010-10-10 03:43:01,1064,1,0
2010-10-10 03:44:01,1062.8,1,0
2010-10-10 03:45:01,1063.6,1,0
2010-10-11 02:31:01,1027.7,1,0
2010-10-11 02:32:01,1045,1,0
2010-10-11 02:33:01,1037.4,1,0
2010-10-11 02:34:01,1026.3,1,0
2010-10-11 02:35:01,1017.7,1,0
2010-10-11 02:36:01,1018.7,1,0
2010-10-11 02:37:01,1019.5,1,0
2010-10-11 02:38:01,1018.8,1,0
2010-10-11 02:39:01,1019.2,1,0
2010-10-11 02:40:01,1019.8,1,0
2010-10-11 02:41:01,1025,1,0
2010-10-11 02:42:01,1026.4,1,0
2010-10-11 02:43:01,1025.5,1,0
2010-10-11 02:44:01,1027.4,1,0
2010-10-11 02:45:01,1025.1,1,0
2010-10-12 01:31:01,1014.4,1,0
2010-10-12 01:32:01,1044.6,1,0
2010-10-12 01:33:01,1034.5,1,0
2010-10-12 01:34:01,1029.6,1,0
2010-10-12 01:35:01,1026.4,1,0
2010-10-12 01:36:01,1027.1,1,0
2010-10-12 01:37:01,1021.9,1,0
2010-10-12 01:38:01,1017.9,1,0
2010-10-12 01:39:01,1013.5,1,0
2010-10-12 01:40:01,1012.7,1,0
2010-10-12 01:41:01,1010.6,1,0
2010-10-12 01:42:01,1011,1,0
2010-10-12 01:43:01,1006.4,1,0
2010-10-12 01:44:01,1008.7,1,0
2010-10-12 01:45:01,1010.9,1,0
2010-10-13 00:31:01,1011.4,1,0
2010-10-13 00:32:01,1000.6,1,0
2010-10-13 00:33:01,1006.8,1,0
2010-10-13 00:34:01,1012.4,1,0
2010-10-13 00:35:01,1013.1,1,0
2010-10-13 00:36:01,1015,1,0
2010-10-13 00:37:01,1016.4,1,0
2010-10-13 00:38:01,1014.8,1,0
2010-10-13 00:39:01,1014.8,1,0
2010-10-13 00:40:01,1019.1,1,0
2010-10-13 00:41:01,1024.9,1,0
2010-10-13 00:42:01,1025.6,1,0
2010-10-13 00:43:01,1025.2,1,0
2010-10-13 00:44:01,1029,1,0
2010-10-13 00:45:01,1038.1,1,0
2010-10-13 23:31:01,1032.4,1,0
2010-10-13 23:32:01,1033.3,1,0
2010-10-13 23:33:01,1027.2,1,0
2010-10-13 23:34:01,1023.5,1,0
2010-10-13 23:35:01,1021.8,1,0
2010-10-13 23:36:01,1026.2,1,0
2010-10-13 23:37:01,1026.1,1,0
2010-10-13 23:38:01,1026.7,1,0
2010-10-13 23:39:01,1025.1,1,0
2010-10-13 23:40:01,1020.6,1,0
2010-10-13 23:41:01,1018.8,1,0
2010-10-13 23:42:01,1020,1,0
2010-10-13 23:43:01,1021.8,1,0
2010-10-13 23:44:01,1023.6,1,0
2010-10-13 23:45:01,1022.3,1,0
2010-10-14 22:31:01,1043.5,1,0
2010-10-14 22:32:01,1001.9,1,0
2010-10-14 22:33:01,1005.3,1,0
2010-10-14 22:34:01,1009.8,1,0
2010-10-14 22:35:01,1009.9,1,0
2010-10-14 22:36:01,1013.3,1,0
2010-10-14 22:37:01,1007.6,1,0
2010-10-14 22:38:01,1009.1,1,0
2010-10-14 22:39:01,1006.1,1,0
2010-10-14 22:40:01,1008.2,1,0
2010-10-14 22:41:01,1009.7,1,0
2010-10-14 22:42:01,1008.4,1,0
2010-10-14 22:43:01,1008.1,1,0
2010-10-14 22:44:01,1006,1,0
2010-10-14 22:45:01,1009.1,1,0
2010-10-15 21:31:01,1026.6,1,0
2010-10-15 21:32:01,1010.1,1,0
2010-10-15 21:33:01,1010.3,1,0
2010-10-15 21:34:01,1008.3,1,0
2010-10-15 21:35:01,1007.4,1,0
2010-10-15 21:36:01,1005.3,1,0
2010-10-15 21:37:01,1009.7,1,0
2010-10-15 21:38:01,1008.1,1,0
2010-10-15 21:39:01,1004.1,1,0
2010-10-15 21:40:01,1000.6,1,0
2010-10-15 21:41:01,1001.9,1,0
2010-10-15 21:42:01,1000.5,1,0
2010-10-15 21:43:01,1003.5,1,0
2010-10-15 21:44:01,1005.9,1,0
2010-10-15 21:45:01,1009.2,1,0
2010-10-16 20:31:01,1023.6,1,0
2010-10-16 20:32:01,986.8,1,0
2010-10-16 20:33:01,984.5,1,0
2010-10-16 20:34:01,986.9,1,0
2010-10-16 20:35:01,988.7,1,0
2010-10-16 20:36:01,993.1,1,0
2010-10-16 20:37:01,995.3,1,0
2010-10-16 20:38:01,994.6,1,0
2010-10-16 20:39:01,994.6,1,0
2010-10-16 20:40:01,989.2,1,0
2010-10-16 20:41:01,991.2,1,0
2010-10-16 20:42:01,992.7,1,0
2010-10-16 20:43:01,993.6,1,0
2010-10-16 20:44:01,994.5,1,0
2010-10-16 20:45:01,994,1,0
2010-10-17 19:31:01,1035.8,1,0
2010-10-17 19:32:01,981.4,1,0
2010-10-17 19:33:01,984.7,1,0
2010-10-17 19:34:01,988.8,1,0
2010-10-17 19:35:01,991.3,1,0
2010-10-17 19:36:01,992.5,1,0
2010-10-17 19:37:01,989.9,1,0
2010-10-17 19:38:01,989.1,1,0
2010-10-17 19:39:01,991,1,0
2010-10-17 19:40:01,995.4,1,0
2010-10-17 19:41:01,995,1,0
2010-10-17 19:42:01,998.8,1,0
2010-10-17 19:43:01,994.5,1,0
2010-10-17 19:44:01,998.3,1,0
2010-10-17 19:45:01,995.8,1,0
2010-10-18 18:31:01,984.6,1,0
2010-10-18 18:32:01,999.6,1,0
2010-10-18 18:33:01,999.5,1,0
2010-10-18 18:34:01,997.9,1,0
2010-10-18 18:35:01,994.8,1,0
2010-10-18 18:36:01,988.3,1,0
2010-10-18 18:37:01,986.2,1,0
2010-10-18 18:38:01,988,1,0
2010-10-18 18:39:01,992.9,1,0
2010-10-18 18:40:01,997,1,0
2010-10-18 18:41:01,997.7,1,0
2010-10-18 18:42:01,995.6,1,0
2010-10-18 18:43:01,995.8,1,0
2010-10-18 18:44:01,995.3,1,0
2010-10-18 18:45:01,1000.7,1,0
2010-10-19 17:31:01,975.7,1,0
2010-10-19 17:32:01,1007.8,1,0
2010-10-19 17:33:01,1002.8,1,0
2010-10-19 17:34:01,995.7,1,0
2010-10-19 17:35:01,993.1,1,0
2010-10-19 17:36:01,996.4,1,0
2010-10-19 17:37:01,1002.8,1,0
2010-10-19 17:38:01,1002.4,1,0
2010-10-19 17:39:01,1005.5,1,0
2010-10-19 17:40:01,1007,1,0
2010-10-19 17:41:01,1007,1,0
2010-10-19 17:42:01,1009.3,1,0
2010-10-19 17:43:01,1008.8,1,0
2010-10-19 17:44:01,1007.9,1,0
2010-10-19 17:45:01,1013.6,1,0
2010-10-20 16:31:01,989.2,1,0
2010-10-20 16:32:01,1009.5,1,0
2010-10-20 16:33:01,1002.3,1,0
2010-10-20 16:34:01,999.8,1,0
2010-10-20 16:35:01,997.7,1,0
2010-10-20 16:36:01,995.1,1,0
2010-10-20 16:37:01,994.2,1,0
2010-10-20 16:38:01,988.2,1,0
2010-10-20 16:39:01,984.9,1,0
2010-10-20 16:40:01,982.7,1,0
2010-10-20 16:41:01,983.9,1,0
2010-10-20 16:42:01,985.2,1,0
2010-10-20 16:43:01,988.5,1,0
2010-10-20 16:44:01,991.8,1,0
2010-10-20 16:45:01,994.6,1,0
2010-10-21 15:31:01,981.7,1,0
2010-10-21 15:32:01,985.3,1,0
2010-10-21 15:33:01,989.2,1,0
2010-10-21 15:34:01,990.2,1,0
2010-10-21 15:35:01,990.9,1,0
2010-10-21 15:36:01,991.1,1,0
2010-10-21 15:37:01,991.5,1,0
2010-10-21 15:38:01,984.9,1,0
2010-10-21 15:39:01,983.5,1,0
2010-10-21 15:40:01,981.8,1,0
2010-10-21 15:41:01,982.7,1,0
2010-10-21 15:42:01,981.4,1,0
2010-10-21 15:43:01,984.7,1,0
2010-10-21 15:44:01,984.2,1,0
2010-10-21 15:45:01,993.3,1,0
2010-10-22 14:31:01,1003.4,1,0
2010-10-22 14:32:01,963.9,1,0
2010-10-22 14:33:01,967.2,1,0
2010-10-22 14:34:01,973.7,1,0
2010-10-22 14:35:01,973.1,1,0
2010-10-22 14:36:01,970.8,1,0
2010-10-22 14:37:01,969.9,1,0
2010-10-22 14:38:01,971.6,1,0
2010-10-22 14:39:01,979,1,0
2010-10-22 14:40:01,978.8,1,0
2010-10-22 14:41:01,984.9,1,0
2010-10-22 14:42:01,987.2,1,0
2010-10-22 14:43:01,987.5,1,0
2010-10-22 14:44:01,985.7,1,0
2010-10-22 14:45:01,989,1,0
2010-10-23 13:31:01,1009.8,1,0
2010-10-23 13:32:01,983.9,1,0
2010-10-23 13:33:01,983.2,1,0
2010-10-23 13:34:01,979.1,1,0
2010-10-23 13:35:01,976.5,1,0
2010-10-23 13:36:01,981.4,1,0
2010-10-23 13:37:01,991,1,0
2010-10-23 13:38:01,994.5,1,0
2010-10-23 13:39:01,995.4,1,0
2010-10-23 13:40:01,992.1,1,0
2010-10-23 13:41:01,994,1,0
2010-10-23 13:42:01,994.4,1,0
2010-10-23 13:43:01,994.7,1,0
2010-10-23 13:44:01,988.8,1,0
2010-10-23 13:45:01,991.2,1,0
2010-10-24 12:31:01,978.2,1,0
2010-10-24 12:32:01,985.8,1,0
2010-10-24 12:33:01,982.8,1,0
2010-10-24 12:34:01,978.2,1,0
2010-10-24 12:35:01,978.8,1,0
2010-10-24 12:36:01,974.9,1,0
2010-10-24 12:37:01,977.1,1,0
2010-10-24 12:38:01,976.2,1,0
2010-10-24 12:39:01,978.6,1,0
2010-10-24 12:40:01,977.6,1,0
2010-10-24 12:41:01,976,1,0
2010-10-24 12:42:01,973.9,1,0
2010-10-24 12:43:01,975.9,1,0
2010-10-24 12:44:01,976.7,1,0
2010-10-24 12:45:01,979.9,1,0
2010-10-25 11:31:01,977.6,1,0
2010-10-25 11:32:01,987.5,1,0
2010-10-25 11:33:01,988.2,1,0
2010-10-25 11:34:01,986.9,1,0
2010-10-25 11:35:01,990.3,1,0
2010-10-25 11:36:01,992.8,1,0
2010-10-25 11:37:01,996.1,1,0
2010-10-25 11:38:01,996,1,0
2010-10-25 11:39:01,988.8,1,0
2010-10-25 11:40:01,988.9,1,0
2010-10-25 11:41:01,986.3,1,0
2010-10-25 11:42:01,985.1,1,0
2010-10-25 11:43:01,984,1,0
2010-10-25 11:44:01,980.5,1,0
2010-10-25 11:45:01,980.7,1,0
2010-10-26 10:31:01,987.5,1,0
2010-10-26 10:32:01,999.4,1,0
2010-10-26 10:33:01,990,1,0
2010-10-26 10:34:01,980.9,1,0
2010-10-26 10:35:01,972.5,1,0
2010-10-26 10:36:01,970.8,1,0
2010-10-26 10:37:01,969.5,1,0
2010-10-26 10:38:01,971.6,1,0
2010-10-26 10:39:01,975.3,1,0
2010-10-26 10:40:01,982.5,1,0
2010-10-26 10:41:01,985,1,0
2010-10-26 10:42:01,982.6,1,0
2010-10-26 10:43:01,979,1,0
2010-10-26 10:44:01,980,1,0
2010-10-26 10:45:01,985.2,1,0
2010-10-27 09:31:01,1051.3,1,0
2010-10-27 09:32:01,1038.6,1,0
2010-10-27 09:33:01,1036.7,1,0
2010-10-27 09:34:01,1029.9,1,0
2010-10-27 09:35:01,1029,1,0
2010-10-27 09:36:01,1022.3,1,0
2010-10-27 09:37:01,1024.2,1,0
2010-10-27 09:38:01,1021.9,1,0
2010-10-27 09:39:01,1024.2,1,0
2010-10-27 09:40:01,1026.3,1,0
2010-10-27 09:41:01,1029.7,1,0
2010-10-27 09:42:01,1032,1,0
2010-10-27 09:43:01,1032.4,1,0
2010-10-27 09:44:01,1031.2,1,0
2010-10-27 09:45:01,1032.5,1,0
2010-10-28 08:31:01,1030.4,1,0
2010-10-28 08:32:01,1025.8,1,0
2010-10-28 08:33:01,1021.7,1,0
2010-10-28 08:34:01,1019.6,1,0
2010-10-28 08:35:01,1015.4,1,0
2010-10-28 08:36:01,1017.4,1,0
2010-10-28 08:37:01,1018.5,1,0
2010-10-28 08:38:01,1016.8,1,0
2010-10-28 08:39:01,1018.4,1,0
2010-10-28 08:40:01,1021.1,1,0
2010-10-28 08:41:01,1018,1,0
2010-10-28 08:42:01,1018.2,1,0
2010-10-28 08:43:01,1014.9,1,0
2010-10-28 08:44:01,1016.3,1,0
2010-10-28 08:45:01,1015.2,1,0
2010-10-29 07:31:01,1006.1,1,0
2010-10-29 07:32:01,1009.7,1,0
2010-10-29 07:33:01,1009.3,1,0
2010-10-29 07:34:01,1011.2,1,0
2010-10-29 07:35:01,1010.5,1,0
2010-10-29 07:36:01,1017.9,1,0
2010-10-29 07:37:01,1023.2,1,0
2010-10-29 07:38:01,1023.8,1,0
2010-10-29 07:39:01,1024.5,1,0
2010-10-29 07:40:01,1016.7,1,0
2010-10-29 07:41:01,1016.9,1,0
2010-10-29 07:42:01,1015.3,1,0
2010-10-29 07:43:01,1019.5,1,0
2010-10-29 07:44:01,1021.7,1,0
2010-10-29 07:45:01,1027.7,1,0
2010-10-30 06:31:01,972.6,1,0
2010-10-30 06:32:01,1020.3,1,0
2010-10-30 06:33:01,1015.8,1,0
2010-10-30 06:34:01,1014.5,1,0
2010-10-30 06:35:01,1012.6,1,0
2010-10-30 06:36:01,1011,1,0
2010-10-30 06:37:01,1009.3,1,0
2010-10-30 06:38:01,1009.8,1,0
2010-10-30 06:39:01,1008.1,1,0
2010-10-30 06:40:01,1009.7,1,0
2010-10-30 06:41:01,1011.5,1,0
2010-10-30 06:42:01,1012.4,1,0
2010-10-30 06:43:01,1012.4,1,0
2010-10-30 06:44:01,1012.3,1,0
2010-10-30 06:45:01,1011.5,1,0
2010-10-31 05:31:01,1051.1,1,0
2010-10-31 05:32:01,997.4,1,0
2010-10-31 05:33:01,1000.1,1,0
2010-10-31 05:34:01,1006.9,1,0
2010-10-31 05:35:01,1014.7,1,0
2010-10-31 05:36:01,1016.2,1,0
2010-10-31 05:37:01,1021.4,1,0
2010-10-31 05:38:01,1020.3,1,0
2010-10-31 05:39:01,1016.8,1,0
2010-10-31 05:40:01,1010.2,1,0
2010-10-31 05:41:01,1010.9,1,0
2010-10-31 05:42:01,1011.1,1,0
2010-10-31 05:43:01,1011.4,1,0
2010-10-31 05:44:01,1014.8,1,0
2010-10-31 05:45:01,1015.7,1,0
2010-11-01 04:31:01,1051.6,1,0
2010-11-01 04:32:01,1055.4,1,0
2010-11-01 04:33:01,1056.1,1,0
2010-11-01 04:34:01,1053.9,1,0
2010-11-01 04:35:01,1052.1,1,0
2010-11-01 04:36:01,1054.7,1,0
2010-11-01 04:37:01,1049.3,1,0
2010-11-01 04:38:01,1049.6,1,0
2010-11-01 04:39:01,1049.9,1,0
2010-11-01 04:40:01,1052.5,1,0
2010-11-01 04:41:01,1048.2,1,0
2010-11-01 04:42:01,1046.4,1,0
2010-11-01 04:43:01,1047.4,1,0
2010-11-01 04:44:01,1045.1,1,0
2010-11-01 04:45:01,1048,1,0
2010-11-02 03:31:01,1057.3,1,0
2010-11-02 03:32:01,1067,1,0
2010-11-02 03:33:01,1057,1,0
2010-11-02 03:34:01,1045.3,1,0
2010-11-02 03:35:01,1034.8,1,0
2010-11-02 03:36:01,1034.6,1,0
2010-11-02 03:37:01,1033.8,1,0
2010-11-02 03:38:01,1032.4,1,0
2010-11-02 03:39:01,1034.6,1,0
2010-11-02 03:40:01,1035.3,1,0
2010-11-02 03:41:01,1039,1,0
2010-11-02 03:42:01,1038.5,1,0
2010-11-02 03:43:01,1043.6,1,0
2010-11-02 03:44:01,1048.2,1,0
2010-11-02 03:45:01,1049.7,1,0
2010-11-03 02:31:01,1045.2,1,0
2010-11-03 02:32:01,1015.1,1,0
2010-11-03 02:33:01,1016.6,1,0
2010-11-03 02:34:01,1012.6,1,0
2010-11-03 02:35:01,1014.5,1,0
2010-11-03 02:36:01,1015.2,1,0
2010-11-03 02:37:01,1016.5,1,0
2010-11-03 02:38:01,1015.8,1,0
2010-11-03 02:39:01,1017.6,1,0
2010-11-03 02:40:01,1012.6,1,0
2010-11-03 02:41:01,1012.1,1,0
2010-11-03 02:42:01,1009.5,1,0
2010-11-03 02:43:01,1012.5,1,0
2010-11-03 02:44:01,1019.1,1,0
2010-11-03 02:45:01,1017.9,1,0
2010-11-04 01:31:01,1019.8,1,0
2010-11-04 01:32:01,983.4,1,0
2010-11-04 01:33:01,996.2,1,0
2010-11-04 01:34:01,1006.7,1,0
2010-11-04 01:35:01,1018.2,1,0
2010-11-04 01:36:01,1019.8,1,0
2010-11-04 01:37:01,1019.5,1,0
2010-11-04 01:38:01,1023.1,1,0
2010-11-04 01:39:01,1019.4,1,0
2010-11-04 01:40:01,1015.4,1,0
2010-11-04 01:41:01,1013.2,1,0
2010-11-04 01:42:01,1012.9,1,0
2010-11-04 01:43:01,1015.5,1,0
2010-11-04 01:44:01,1020.5,1,0
2010-11-04 01:45:01,1025.3,1,0
2010-11-05 00:31:01,1015.6,1,0
2010-11-05 00:32:01,1013.8,1,0
2010-11-05 00:33:01,1024.1,1,0
2010-11-05 00:34:01,1028.4,1,0
2010-11-05 00:35:01,1033.6,1,0
2010-11-05 00:36:01,1032.6,1,0
2010-11-05 00:37:01,1033.1,1,0
2010-11-05 00:38:01,1027,1,0
2010-11-05 00:39:01,1025.1,1,0
2010-11-05 00:40:01,1025.9,1,0
2010-11-05 00:41:01,1027.1,1,0
2010-11-05 00:42:01,1026.1,1,0
2010-11-05 00:43:01,1024,1,0
2010-11-05 00:44:01,1026.6,1,0
2010-11-05 00:45:01,1031.5,1,0
2010-11-05 23:31:01,999.8,1,0
2010-11-05 23:32:01,1024.3,1,0
2010-11-05 23:33:01,1025,1,0
2010-11-05 23:34:01,1024.3,1,0
2010-11-05 23:35:01,1021.4,1,0
2010-11-05 23:36:01,1022.9,1,0
2010-11-05 23:37:01,1021.3,1,0
2010-11-05 23:38:01,1022.1,1,0
2010-11-05 23:39:01,1022.1,1,0
2010-11-05 23:40:01,1019.5,1,0
2010-11-05 23:41:01,1015.6,1,0
2010-11-05 23:42:01,1013.5,1,0
2010-11-05 23:43:01,1015.3,1,0
2010-11-05 23:44:01,1018.6,1,0
2010-11-05 23:45:01,1020.8,1,0
2010-11-06 22:31:01,981.2,1,0
2010-11-06 22:32:01,1019.4,1,0
2010-11-06 22:33:01,1015.6,1,0
2010-11-06 22:34:01,1013.4,1,0
2010-11-06 22:35:01,1010.3,1,0
2010-11-06 22:36:01,1009.6,1,0
2010-11-06 22:37:01,1005.4,1,0
2010-11-06 22:38:01,1005.4,1,0
2010-11-06 22:39:01,1007.6,1,0
2010-11-06 22:40:01,1011.3,1,0
2010-11-06 22:41:01,1009.9,1,0
2010-11-06 22:42:01,1008.3,1,0
2010-11-06 22:43:01,1006,1,0
2010-11-06 22:44:01,1002.2,1,0
2010-11-06 22:45:01,1006.4,1,0
2010-11-07 21:31:01,993,1,0
2010-11-07 21:32:01,992.4,1,0
2010-11-07 21:33:01,991.3,1,0
2010-11-07 21:34:01,991.5,1,0
2010-11-07 21:35:01,990.3,1,0
2010-11-07 21:36:01,989.8,1,0
2010-11-07 21:37:01,984.3,1,0
2010-11-07 21:38:01,984,1,0
2010-11-07 21:39:01,986.7,1,0
2010-11-07 21:40:01,992.1,1,0
2010-11-07 21:41:01,993.7,1,0
2010-11-07 21:42:01,993.2,1,0
2010-11-07 21:43:01,998.5,1,0
2010-11-07 21:44:01,1003.3,1,0
2010-11-07 21:45:01,1005.2,1,0
2010-11-08 20:31:01,1002.3,1,0
2010-11-08 20:32:01,1014.4,1,0
2010-11-08 20:33:01,1006.6,1,0
2010-11-08 20:34:01,995.5,1,0
2010-11-08 20:35:01,986.6,1,0
2010-11-08 20:36:01,981.7,1,0
2010-11-08 20:37:01,983.1,1,0
2010-11-08 20:38:01,979.7,1,0
2010-11-08 20:39:01,980.9,1,0
2010-11-08 20:40:01,979.2,1,0
2010-11-08 20:41:01,981,1,0
2010-11-08 20:42:01,977.7,1,0
2010-11-08 20:43:01,983.2,1,0
2010-11-08 20:44:01,980.9,1,0
2010-11-08 20:45:01,983.6,1,0
2010-11-09 19:31:01,992.8,1,0
2010-11-09 19:32:01,965.9,1,0
2010-11-09 19:33:01,974.2,1,0
2010-11-09 19:34:01,979.7,1,0
2010-11-09 19:35:01,991.3,1,0
2010-11-09 19:36:01,991,1,0
2010-11-09 19:37:01,993.1,1,0
2010-11-09 19:38:01,992.1,1,0
2010-11-09 19:39:01,994.9,1,0
2010-11-09 19:40:01,993.3,1,0
2010-11-09 19:41:01,997.7,1,0
2010-11-09 19:42:01,994.2,1,0
2010-11-09 19:43:01,995.3,1,0
2010-11-09 19:44:01,991.1,1,0
2010-11-09 19:45:01,993.2,1,0
